i,rP[i],T[i],Se[i],Sw[i],aE[i],aW[i],aP[i],bP[i]
0,0,0,0,0,0,0,0,0
1,2,500,6.28947,3.14159,0,0,1,500
2,2.004,496.782,6.30832,6.28947,473124,471710,944840,151.098
3,2.012,493.58,6.33345,6.30832,237504,236562,474072,151.701
4,2.02,490.402,6.35858,6.33345,238447,237504,475957,152.304
5,2.028,487.249,6.38372,6.35858,239389,238447,477842,152.908
6,2.036,484.12,6.40885,6.38372,240332,239389,479727,153.511
7,2.044,481.015,6.43398,6.40885,241274,240332,481612,154.114
8,2.052,477.934,6.45911,6.43398,242217,241274,483497,154.717
9,2.06,474.877,6.48425,6.45911,243159,242217,485382,155.32
10,2.068,471.842,6.50938,6.48425,244102,243159,487267,155.924
11,2.076,468.831,6.53451,6.50938,245044,244102,489152,156.527
12,2.084,465.843,6.55965,6.53451,245987,245044,491037,157.13
13,2.092,462.878,6.58478,6.55965,246929,245987,492922,157.733
14,2.1,459.935,6.60991,6.58478,247872,246929,494807,158.336
15,2.108,457.014,6.63504,6.60991,248814,247872,496692,158.939
16,2.116,454.116,6.66018,6.63504,249757,248814,498577,159.543
17,2.124,451.239,6.68531,6.66018,250699,249757,500462,160.146
18,2.132,448.384,6.71044,6.68531,251642,250699,502347,160.749
19,2.14,445.551,6.73557,6.71044,252584,251642,504232,161.352
20,2.148,442.738,6.76071,6.73557,253527,252584,506117,161.955
21,2.156,439.947,6.78584,6.76071,254469,253527,508002,162.559
22,2.164,437.177,6.81097,6.78584,255411,254469,509887,163.162
23,2.172,434.428,6.83611,6.81097,256354,255411,511772,163.765
24,2.18,431.699,6.86124,6.83611,257296,256354,513657,164.368
25,2.188,428.991,6.88637,6.86124,258239,257296,515542,164.971
26,2.196,426.303,6.9115,6.88637,259181,258239,517427,165.574
27,2.204,423.635,6.93664,6.9115,260124,259181,519312,166.178
28,2.212,420.987,6.96177,6.93664,261066,260124,521197,166.781
29,2.22,418.358,6.9869,6.96177,262009,261066,523082,167.384
30,2.228,415.749,7.01203,6.9869,262951,262009,524967,167.987
31,2.236,413.159,7.03717,7.01203,263894,262951,526852,168.59
32,2.244,410.589,7.0623,7.03717,264836,263894,528737,169.194
33,2.252,408.037,7.08743,7.0623,265779,264836,530622,169.797
34,2.26,405.504,7.11257,7.08743,266721,265779,532507,170.4
35,2.268,402.99,7.1377,7.11257,267664,266721,534392,171.003
36,2.276,400.495,7.16283,7.1377,268606,267664,536277,171.606
37,2.284,398.018,7.18796,7.16283,269549,268606,538162,172.21
38,2.292,395.559,7.2131,7.18796,270491,269549,540047,172.813
39,2.3,393.118,7.23823,7.2131,271434,270491,541932,173.416
40,2.308,390.695,7.26336,7.23823,272376,271434,543817,174.019
41,2.316,388.289,7.28849,7.26336,273319,272376,545702,174.622
42,2.324,385.902,7.31363,7.28849,274261,273319,547587,175.225
43,2.332,383.531,7.33876,7.31363,275204,274261,549472,175.829
44,2.34,381.178,7.36389,7.33876,276146,275204,551357,176.432
45,2.348,378.842,7.38903,7.36389,277088,276146,553242,177.035
46,2.356,376.524,7.41416,7.38903,278031,277088,555127,177.638
47,2.364,374.221,7.43929,7.41416,278973,278031,557012,178.241
48,2.372,371.936,7.46442,7.43929,279916,278973,558896,178.845
49,2.38,369.667,7.48956,7.46442,280858,279916,560781,179.448
50,2.388,367.415,7.51469,7.48956,281801,280858,562666,180.051
51,2.396,365.179,7.53982,7.51469,282743,281801,564551,180.654
52,2.404,362.959,7.56496,7.53982,283686,282743,566436,181.257
53,2.412,360.755,7.59009,7.56496,284628,283686,568321,181.861
54,2.42,358.567,7.61522,7.59009,285571,284628,570206,182.464
55,2.428,356.395,7.64035,7.61522,286513,285571,572091,183.067
56,2.436,354.238,7.66549,7.64035,287456,286513,573976,183.67
57,2.444,352.097,7.69062,7.66549,288398,287456,575861,184.273
58,2.452,349.971,7.71575,7.69062,289341,288398,577746,184.876
59,2.46,347.86,7.74088,7.71575,290283,289341,579631,185.48
60,2.468,345.765,7.76602,7.74088,291226,290283,581516,186.083
61,2.476,343.684,7.79115,7.76602,292168,291226,583401,186.686
62,2.484,341.618,7.81628,7.79115,293111,292168,585286,187.289
63,2.492,339.567,7.84142,7.81628,294053,293111,587171,187.892
64,2.5,337.531,7.86655,7.84142,294996,294053,589056,188.496
65,2.508,335.509,7.89168,7.86655,295938,294996,590941,189.099
66,2.516,333.502,7.91681,7.89168,296881,295938,592826,189.702
67,2.524,331.509,7.94195,7.91681,297823,296881,594711,190.305
68,2.532,329.529,7.96708,7.94195,298765,297823,596596,190.908
69,2.54,327.564,7.99221,7.96708,299708,298765,598481,191.511
70,2.548,325.613,8.01734,7.99221,300650,299708,600366,192.115
71,2.556,323.676,8.04248,8.01734,301593,300650,602251,192.718
72,2.564,321.752,8.06761,8.04248,302535,301593,604136,193.321
73,2.572,319.842,8.09274,8.06761,303478,302535,606021,193.924
74,2.58,317.946,8.11788,8.09274,304420,303478,607906,194.527
75,2.588,316.062,8.14301,8.11788,305363,304420,609791,195.131
76,2.596,314.192,8.16814,8.14301,306305,305363,611676,195.734
77,2.604,312.336,8.19327,8.16814,307248,306305,613561,196.337
78,2.612,310.492,8.21841,8.19327,308190,307248,615446,196.94
79,2.62,308.661,8.24354,8.21841,309133,308190,617331,197.543
80,2.628,306.843,8.26867,8.24354,310075,309133,619216,198.147
81,2.636,305.038,8.2938,8.26867,311018,310075,621101,198.75
82,2.644,303.245,8.31894,8.2938,311960,311018,622986,199.353
83,2.652,301.465,8.34407,8.31894,312903,311960,624871,199.956
84,2.66,299.697,8.3692,8.34407,313845,312903,626756,200.559
85,2.668,297.942,8.39434,8.3692,314788,313845,628641,201.162
86,2.676,296.199,8.41947,8.39434,315730,314788,630526,201.766
87,2.684,294.468,8.4446,8.41947,316673,315730,632411,202.369
88,2.692,292.749,8.46973,8.4446,317615,316673,634296,202.972
89,2.7,291.042,8.49487,8.46973,318557,317615,636181,203.575
90,2.708,289.346,8.52,8.49487,319500,318557,638066,204.178
91,2.716,287.663,8.54513,8.52,320442,319500,639951,204.782
92,2.724,285.991,8.57026,8.54513,321385,320442,641836,205.385
93,2.732,284.331,8.5954,8.57026,322327,321385,643721,205.988
94,2.74,282.682,8.62053,8.5954,323270,322327,645606,206.591
95,2.748,281.045,8.64566,8.62053,324212,323270,647491,207.194
96,2.756,279.419,8.6708,8.64566,325155,324212,649376,207.798
97,2.764,277.804,8.69593,8.6708,326097,325155,651260,208.401
98,2.772,276.201,8.72106,8.69593,327040,326097,653145,209.004
99,2.78,274.608,8.74619,8.72106,327982,327040,655030,209.607
100,2.788,273.026,8.77133,8.74619,328925,327982,656915,210.21
101,2.796,271.456,8.79646,8.77133,329867,328925,658800,210.813
102,2.804,269.896,8.82159,8.79646,330810,329867,660685,211.417
103,2.812,268.346,8.84672,8.82159,331752,330810,662570,212.02
104,2.82,266.808,8.87186,8.84672,332695,331752,664455,212.623
105,2.828,265.279,8.89699,8.87186,333637,332695,666340,213.226
106,2.836,263.762,8.92212,8.89699,334580,333637,668225,213.829
107,2.844,262.254,8.94726,8.92212,335522,334580,670110,214.433
108,2.852,260.757,8.97239,8.94726,336465,335522,671995,215.036
109,2.86,259.271,8.99752,8.97239,337407,336465,673880,215.639
110,2.868,257.794,9.02265,8.99752,338350,337407,675765,216.242
111,2.876,256.328,9.04779,9.02265,339292,338350,677650,216.845
112,2.884,254.871,9.07292,9.04779,340234,339292,679535,217.448
113,2.892,253.424,9.09805,9.07292,341177,340234,681420,218.052
114,2.9,251.987,9.12319,9.09805,342119,341177,683305,218.655
115,2.908,250.56,9.14832,9.12319,343062,342119,685190,219.258
116,2.916,249.143,9.17345,9.14832,344004,343062,687075,219.861
117,2.924,247.735,9.19858,9.17345,344947,344004,688960,220.464
118,2.932,246.337,9.22372,9.19858,345889,344947,690845,221.068
119,2.94,244.948,9.24885,9.22372,346832,345889,692730,221.671
120,2.948,243.569,9.27398,9.24885,347774,346832,694615,222.274
121,2.956,242.199,9.29911,9.27398,348717,347774,696500,222.877
122,2.964,240.838,9.32425,9.29911,349659,348717,698385,223.48
123,2.972,239.487,9.34938,9.32425,350602,349659,700270,224.084
124,2.98,238.144,9.37451,9.34938,351544,350602,702155,224.687
125,2.988,236.811,9.39965,9.37451,352487,351544,704040,225.29
126,2.996,235.486,9.42478,9.39965,353429,352487,705925,225.893
127,3.004,234.171,9.44991,9.42478,354372,353429,707810,226.496
128,3.012,232.864,9.47504,9.44991,355314,354372,709695,227.099
129,3.02,231.566,9.50018,9.47504,356257,355314,711580,227.703
130,3.028,230.277,9.52531,9.50018,357199,356257,713465,228.306
131,3.036,228.996,9.55044,9.52531,358142,357199,715350,228.909
132,3.044,227.724,9.57557,9.55044,359084,358142,717235,229.512
133,3.052,226.461,9.60071,9.57557,360027,359084,719120,230.115
134,3.06,225.206,9.62584,9.60071,360969,360027,721005,230.719
135,3.068,223.959,9.65097,9.62584,361911,360969,722890,231.322
136,3.076,222.721,9.67611,9.65097,362854,361911,724775,231.925
137,3.084,221.491,9.70124,9.67611,363796,362854,726660,232.528
138,3.092,220.269,9.72637,9.70124,364739,363796,728545,233.131
139,3.1,219.056,9.7515,9.72637,365681,364739,730430,233.734
140,3.108,217.85,9.77664,9.7515,366624,365681,732315,234.338
141,3.116,216.653,9.80177,9.77664,367566,366624,734200,234.941
142,3.124,215.463,9.8269,9.80177,368509,367566,736085,235.544
143,3.132,214.282,9.85203,9.8269,369451,368509,737970,236.147
144,3.14,213.108,9.87717,9.85203,370394,369451,739855,236.75
145,3.148,211.942,9.9023,9.87717,371336,370394,741740,237.354
146,3.156,210.784,9.92743,9.9023,372279,371336,743624,237.957
147,3.164,209.633,9.95257,9.92743,373221,372279,745509,238.56
148,3.172,208.49,9.9777,9.95257,374164,373221,747394,239.163
149,3.18,207.355,10.0028,9.9777,375106,374164,749279,239.766
150,3.188,206.227,10.028,10.0028,376049,375106,751164,240.37
151,3.196,205.107,10.0531,10.028,376991,376049,753049,240.973
152,3.204,203.994,10.0782,10.0531,377934,376991,754934,241.576
153,3.212,202.888,10.1034,10.0782,378876,377934,756819,242.179
154,3.22,201.79,10.1285,10.1034,379819,378876,758704,242.782
155,3.228,200.699,10.1536,10.1285,380761,379819,760589,243.385
156,3.236,199.615,10.1788,10.1536,381704,380761,762474,243.989
157,3.244,198.538,10.2039,10.1788,382646,381704,764359,244.592
158,3.252,197.468,10.229,10.2039,383588,382646,766244,245.195
159,3.26,196.406,10.2542,10.229,384531,383588,768129,245.798
160,3.268,195.35,10.2793,10.2542,385473,384531,770014,246.401
161,3.276,194.301,10.3044,10.2793,386416,385473,771899,247.005
162,3.284,193.26,10.3296,10.3044,387358,386416,773784,247.608
163,3.292,192.225,10.3547,10.3296,388301,387358,775669,248.211
164,3.3,191.196,10.3798,10.3547,389243,388301,777554,248.814
165,3.308,190.175,10.405,10.3798,390186,389243,779439,249.417
166,3.316,189.16,10.4301,10.405,391128,390186,781324,250.021
167,3.324,188.152,10.4552,10.4301,392071,391128,783209,250.624
168,3.332,187.151,10.4804,10.4552,393013,392071,785094,251.227
169,3.34,186.156,10.5055,10.4804,393956,393013,786979,251.83
170,3.348,185.167,10.5306,10.5055,394898,393956,788864,252.433
171,3.356,184.185,10.5558,10.5306,395841,394898,790749,253.036
172,3.364,183.21,10.5809,10.5558,396783,395841,792634,253.64
173,3.372,182.24,10.606,10.5809,397726,396783,794519,254.243
174,3.38,181.277,10.6311,10.606,398668,397726,796404,254.846
175,3.388,180.321,10.6563,10.6311,399611,398668,798289,255.449
176,3.396,179.37,10.6814,10.6563,400553,399611,800174,256.052
177,3.404,178.426,10.7065,10.6814,401496,400553,802059,256.656
178,3.412,177.488,10.7317,10.7065,402438,401496,803944,257.259
179,3.42,176.556,10.7568,10.7317,403380,402438,805829,257.862
180,3.428,175.63,10.7819,10.7568,404323,403380,807714,258.465
181,3.436,174.71,10.8071,10.7819,405265,404323,809599,259.068
182,3.444,173.796,10.8322,10.8071,406208,405265,811484,259.671
183,3.452,172.888,10.8573,10.8322,407150,406208,813369,260.275
184,3.46,171.986,10.8825,10.8573,408093,407150,815254,260.878
185,3.468,171.09,10.9076,10.8825,409035,408093,817139,261.481
186,3.476,170.199,10.9327,10.9076,409978,409035,819024,262.084
187,3.484,169.314,10.9579,10.9327,410920,409978,820909,262.687
188,3.492,168.435,10.983,10.9579,411863,410920,822794,263.291
189,3.5,167.562,11.0081,10.983,412805,411863,824679,263.894
190,3.508,166.694,11.0333,11.0081,413748,412805,826564,264.497
191,3.516,165.832,11.0584,11.0333,414690,413748,828449,265.1
192,3.524,164.976,11.0835,11.0584,415633,414690,830334,265.703
193,3.532,164.125,11.1087,11.0835,416575,415633,832219,266.307
194,3.54,163.279,11.1338,11.1087,417518,416575,834104,266.91
195,3.548,162.439,11.1589,11.1338,418460,417518,835989,267.513
196,3.556,161.604,11.1841,11.1589,419403,418460,837873,268.116
197,3.564,160.775,11.2092,11.1841,420345,419403,839758,268.719
198,3.572,159.951,11.2343,11.2092,421288,420345,841643,269.322
199,3.58,159.132,11.2595,11.2343,422230,421288,843528,269.926
200,3.588,158.319,11.2846,11.2595,423173,422230,845413,270.529
201,3.596,157.51,11.3097,11.2846,424115,423173,847298,271.132
202,3.604,156.707,11.3349,11.3097,425057,424115,849183,271.735
203,3.612,155.91,11.36,11.3349,426000,425057,851068,272.338
204,3.62,155.117,11.3851,11.36,426942,426000,852953,272.942
205,3.628,154.329,11.4103,11.3851,427885,426942,854838,273.545
206,3.636,153.546,11.4354,11.4103,428827,427885,856723,274.148
207,3.644,152.769,11.4605,11.4354,429770,428827,858608,274.751
208,3.652,151.996,11.4857,11.4605,430712,429770,860493,275.354
209,3.66,151.228,11.5108,11.4857,431655,430712,862378,275.957
210,3.668,150.465,11.5359,11.5108,432597,431655,864263,276.561
211,3.676,149.707,11.5611,11.5359,433540,432597,866148,277.164
212,3.684,148.954,11.5862,11.5611,434482,433540,868033,277.767
213,3.692,148.206,11.6113,11.5862,435425,434482,869918,278.37
214,3.7,147.462,11.6365,11.6113,436367,435425,871803,278.973
215,3.708,146.724,11.6616,11.6365,437310,436367,873688,279.577
216,3.716,145.99,11.6867,11.6616,438252,437310,875573,280.18
217,3.724,145.26,11.7119,11.6867,439195,438252,877458,280.783
218,3.732,144.535,11.737,11.7119,440137,439195,879343,281.386
219,3.74,143.815,11.7621,11.737,441080,440137,881228,281.989
220,3.748,143.099,11.7873,11.7621,442022,441080,883113,282.593
221,3.756,142.388,11.8124,11.7873,442965,442022,884998,283.196
222,3.764,141.682,11.8375,11.8124,443907,442965,886883,283.799
223,3.772,140.98,11.8627,11.8375,444850,443907,888768,284.402
224,3.78,140.282,11.8878,11.8627,445792,444850,890653,285.005
225,3.788,139.589,11.9129,11.8878,446734,445792,892538,285.608
226,3.796,138.9,11.9381,11.9129,447677,446734,894423,286.212
227,3.804,138.216,11.9632,11.9381,448619,447677,896308,286.815
228,3.812,137.536,11.9883,11.9632,449562,448619,898193,287.418
229,3.82,136.86,12.0135,11.9883,450504,449562,900078,288.021
230,3.828,136.188,12.0386,12.0135,451447,450504,901963,288.624
231,3.836,135.521,12.0637,12.0386,452389,451447,903848,289.228
232,3.844,134.858,12.0888,12.0637,453332,452389,905733,289.831
233,3.852,134.199,12.114,12.0888,454274,453332,907618,290.434
234,3.86,133.544,12.1391,12.114,455217,454274,909503,291.037
235,3.868,132.894,12.1642,12.1391,456159,455217,911388,291.64
236,3.876,132.247,12.1894,12.1642,457102,456159,913273,292.244
237,3.884,131.605,12.2145,12.1894,458044,457102,915158,292.847
238,3.892,130.966,12.2396,12.2145,458987,458044,917043,293.45
239,3.9,130.332,12.2648,12.2396,459929,458987,918928,294.053
240,3.908,129.702,12.2899,12.2648,460872,459929,920813,294.656
241,3.916,129.075,12.315,12.2899,461814,460872,922698,295.259
242,3.924,128.453,12.3402,12.315,462757,461814,924583,295.863
243,3.932,127.834,12.3653,12.3402,463699,462757,926468,296.466
244,3.94,127.22,12.3904,12.3653,464642,463699,928353,297.069
245,3.948,126.609,12.4156,12.3904,465584,464642,930237,297.672
246,3.956,126.002,12.4407,12.4156,466527,465584,932122,298.275
247,3.964,125.399,12.4658,12.4407,467469,466527,934007,298.879
248,3.972,124.8,12.491,12.4658,468411,467469,935892,299.482
249,3.98,124.204,12.5161,12.491,469354,468411,937777,300.085
250,3.988,123.612,12.5412,12.5161,470296,469354,939662,300.688
251,3.996,123.024,12.5664,12.5412,471239,470296,941547,301.291
252,4.004,122.439,12.5915,12.5664,472181,471239,943432,301.894
253,4.012,121.859,12.6166,12.5915,473124,472181,945317,302.498
254,4.02,121.281,12.6418,12.6166,474066,473124,947202,303.101
255,4.028,120.708,12.6669,12.6418,475009,474066,949087,303.704
256,4.036,120.138,12.692,12.6669,475951,475009,950972,304.307
257,4.044,119.572,12.7172,12.692,476894,475951,952857,304.91
258,4.052,119.009,12.7423,12.7172,477836,476894,954742,305.514
259,4.06,118.449,12.7674,12.7423,478779,477836,956627,306.117
260,4.068,117.893,12.7926,12.7674,479721,478779,958512,306.72
261,4.076,117.341,12.8177,12.7926,480664,479721,960397,307.323
262,4.084,116.792,12.8428,12.8177,481606,480664,962282,307.926
263,4.092,116.246,12.868,12.8428,482549,481606,964167,308.53
264,4.1,115.704,12.8931,12.868,483491,482549,966052,309.133
265,4.108,115.166,12.9182,12.8931,484434,483491,967937,309.736
266,4.116,114.63,12.9434,12.9182,485376,484434,969822,310.339
267,4.124,114.098,12.9685,12.9434,486319,485376,971707,310.942
268,4.132,113.569,12.9936,12.9685,487261,486319,973592,311.545
269,4.14,113.044,13.0188,12.9936,488203,487261,975477,312.149
270,4.148,112.522,13.0439,13.0188,489146,488203,977362,312.752
271,4.156,112.003,13.069,13.0439,490088,489146,979247,313.355
272,4.164,111.487,13.0942,13.069,491031,490088,981132,313.958
273,4.172,110.974,13.1193,13.0942,491973,491031,983017,314.561
274,4.18,110.465,13.1444,13.1193,492916,491973,984902,315.165
275,4.188,109.959,13.1696,13.1444,493858,492916,986787,315.768
276,4.196,109.456,13.1947,13.1696,494801,493858,988672,316.371
277,4.204,108.956,13.2198,13.1947,495743,494801,990557,316.974
278,4.212,108.459,13.245,13.2198,496686,495743,992442,317.577
279,4.22,107.965,13.2701,13.245,497628,496686,994327,318.181
280,4.228,107.474,13.2952,13.2701,498571,497628,996212,318.784
281,4.236,106.987,13.3204,13.2952,499513,498571,998097,319.387
282,4.244,106.502,13.3455,13.3204,500456,499513,999982,319.99
283,4.252,106.02,13.3706,13.3455,501398,500456,1.00187e+06,320.593
284,4.26,105.542,13.3958,13.3706,502341,501398,1.00375e+06,321.196
285,4.268,105.066,13.4209,13.3958,503283,502341,1.00564e+06,321.8
286,4.276,104.593,13.446,13.4209,504226,503283,1.00752e+06,322.403
287,4.284,104.123,13.4711,13.446,505168,504226,1.00941e+06,323.006
288,4.292,103.656,13.4963,13.4711,506111,505168,1.01129e+06,323.609
289,4.3,103.192,13.5214,13.4963,507053,506111,1.01318e+06,324.212
290,4.308,102.731,13.5465,13.5214,507996,507053,1.01506e+06,324.816
291,4.316,102.273,13.5717,13.5465,508938,507996,1.01695e+06,325.419
292,4.324,101.817,13.5968,13.5717,509880,508938,1.01883e+06,326.022
293,4.332,101.364,13.6219,13.5968,510823,509880,1.02072e+06,326.625
294,4.34,100.914,13.6471,13.6219,511765,510823,1.0226e+06,327.228
295,4.348,100.467,13.6722,13.6471,512708,511765,1.02449e+06,327.831
296,4.356,100.023,13.6973,13.6722,513650,512708,1.02637e+06,328.435
297,4.364,99.581,13.7225,13.6973,514593,513650,1.02826e+06,329.038
298,4.372,99.1421,13.7476,13.7225,515535,514593,1.03014e+06,329.641
299,4.38,98.7058,13.7727,13.7476,516478,515535,1.03203e+06,330.244
300,4.388,98.2722,13.7979,13.7727,517420,516478,1.03391e+06,330.847
301,4.396,97.8412,13.823,13.7979,518363,517420,1.0358e+06,331.451
302,4.404,97.4129,13.8481,13.823,519305,518363,1.03768e+06,332.054
303,4.412,96.9872,13.8733,13.8481,520248,519305,1.03957e+06,332.657
304,4.42,96.5642,13.8984,13.8733,521190,520248,1.04145e+06,333.26
305,4.428,96.1437,13.9235,13.8984,522133,521190,1.04334e+06,333.863
306,4.436,95.7258,13.9487,13.9235,523075,522133,1.04522e+06,334.467
307,4.444,95.3105,13.9738,13.9487,524018,523075,1.04711e+06,335.07
308,4.452,94.8977,13.9989,13.9738,524960,524018,1.04899e+06,335.673
309,4.46,94.4875,14.0241,13.9989,525903,524960,1.05088e+06,336.276
310,4.468,94.0797,14.0492,14.0241,526845,525903,1.05276e+06,336.879
311,4.476,93.6745,14.0743,14.0492,527788,526845,1.05465e+06,337.482
312,4.484,93.2717,14.0995,14.0743,528730,527788,1.05653e+06,338.086
313,4.492,92.8715,14.1246,14.0995,529673,528730,1.05842e+06,338.689
314,4.5,92.4736,14.1497,14.1246,530615,529673,1.0603e+06,339.292
315,4.508,92.0782,14.1749,14.1497,531557,530615,1.06219e+06,339.895
316,4.516,91.6852,14.2,14.1749,532500,531557,1.06407e+06,340.498
317,4.524,91.2946,14.2251,14.2,533442,532500,1.06596e+06,341.102
318,4.532,90.9064,14.2503,14.2251,534385,533442,1.06784e+06,341.705
319,4.54,90.5205,14.2754,14.2503,535327,534385,1.06973e+06,342.308
320,4.548,90.1371,14.3005,14.2754,536270,535327,1.07161e+06,342.911
321,4.556,89.7559,14.3257,14.3005,537212,536270,1.0735e+06,343.514
322,4.564,89.3771,14.3508,14.3257,538155,537212,1.07538e+06,344.117
323,4.572,89.0006,14.3759,14.3508,539097,538155,1.07727e+06,344.721
324,4.58,88.6264,14.4011,14.3759,540040,539097,1.07915e+06,345.324
325,4.588,88.2544,14.4262,14.4011,540982,540040,1.08104e+06,345.927
326,4.596,87.8848,14.4513,14.4262,541925,540982,1.08292e+06,346.53
327,4.604,87.5174,14.4765,14.4513,542867,541925,1.08481e+06,347.133
328,4.612,87.1522,14.5016,14.4765,543810,542867,1.08669e+06,347.737
329,4.62,86.7892,14.5267,14.5016,544752,543810,1.08858e+06,348.34
330,4.628,86.4285,14.5519,14.5267,545695,544752,1.09046e+06,348.943
331,4.636,86.0699,14.577,14.5519,546637,545695,1.09235e+06,349.546
332,4.644,85.7135,14.6021,14.577,547580,546637,1.09423e+06,350.149
333,4.652,85.3593,14.6273,14.6021,548522,547580,1.09612e+06,350.753
334,4.66,85.0073,14.6524,14.6273,549465,548522,1.098e+06,351.356
335,4.668,84.6574,14.6775,14.6524,550407,549465,1.09989e+06,351.959
336,4.676,84.3096,14.7027,14.6775,551350,550407,1.10177e+06,352.562
337,4.684,83.9639,14.7278,14.7027,552292,551350,1.10366e+06,353.165
338,4.692,83.6203,14.7529,14.7278,553234,552292,1.10554e+06,353.768
339,4.7,83.2788,14.7781,14.7529,554177,553234,1.10743e+06,354.372
340,4.708,82.9394,14.8032,14.7781,555119,554177,1.10931e+06,354.975
341,4.716,82.602,14.8283,14.8032,556062,555119,1.1112e+06,355.578
342,4.724,82.2667,14.8535,14.8283,557004,556062,1.11308e+06,356.181
343,4.732,81.9334,14.8786,14.8535,557947,557004,1.11497e+06,356.784
344,4.74,81.6021,14.9037,14.8786,558889,557947,1.11685e+06,357.388
345,4.748,81.2729,14.9288,14.9037,559832,558889,1.11874e+06,357.991
346,4.756,80.9456,14.954,14.9288,560774,559832,1.12062e+06,358.594
347,4.764,80.6203,14.9791,14.954,561717,560774,1.12251e+06,359.197
348,4.772,80.297,15.0042,14.9791,562659,561717,1.12439e+06,359.8
349,4.78,79.9756,15.0294,15.0042,563602,562659,1.12628e+06,360.404
350,4.788,79.6562,15.0545,15.0294,564544,563602,1.12816e+06,361.007
351,4.796,79.3387,15.0796,15.0545,565487,564544,1.13005e+06,361.61
352,4.804,79.0231,15.1048,15.0796,566429,565487,1.13193e+06,362.213
353,4.812,78.7095,15.1299,15.1048,567372,566429,1.13382e+06,362.816
354,4.82,78.3977,15.155,15.1299,568314,567372,1.1357e+06,363.419
355,4.828,78.0878,15.1802,15.155,569257,568314,1.13759e+06,364.023
356,4.836,77.7798,15.2053,15.1802,570199,569257,1.13947e+06,364.626
357,4.844,77.4736,15.2304,15.2053,571142,570199,1.14136e+06,365.229
358,4.852,77.1693,15.2556,15.2304,572084,571142,1.14324e+06,365.832
359,4.86,76.8668,15.2807,15.2556,573027,572084,1.14513e+06,366.435
360,4.868,76.5662,15.3058,15.2807,573969,573027,1.14701e+06,367.039
361,4.876,76.2673,15.331,15.3058,574911,573969,1.1489e+06,367.642
362,4.884,75.9703,15.3561,15.331,575854,574911,1.15078e+06,368.245
363,4.892,75.6751,15.3812,15.3561,576796,575854,1.15267e+06,368.848
364,4.9,75.3816,15.4064,15.3812,577739,576796,1.15455e+06,369.451
365,4.908,75.0899,15.4315,15.4064,578681,577739,1.15644e+06,370.054
366,4.916,74.8,15.4566,15.4315,579624,578681,1.15832e+06,370.658
367,4.924,74.5118,15.4818,15.4566,580566,579624,1.16021e+06,371.261
368,4.932,74.2253,15.5069,15.4818,581509,580566,1.16209e+06,371.864
369,4.94,73.9405,15.532,15.5069,582451,581509,1.16397e+06,372.467
370,4.948,73.6575,15.5572,15.532,583394,582451,1.16586e+06,373.07
371,4.956,73.3762,15.5823,15.5572,584336,583394,1.16774e+06,373.674
372,4.964,73.0966,15.6074,15.5823,585279,584336,1.16963e+06,374.277
373,4.972,72.8186,15.6326,15.6074,586221,585279,1.17151e+06,374.88
374,4.98,72.5423,15.6577,15.6326,587164,586221,1.1734e+06,375.483
375,4.988,72.2677,15.6828,15.6577,588106,587164,1.17528e+06,376.086
376,4.996,71.9947,15.708,15.6828,589049,588106,1.17717e+06,376.69
377,5.004,71.7234,15.7331,15.708,589991,589049,1.17905e+06,377.293
378,5.012,71.4537,15.7582,15.7331,590934,589991,1.18094e+06,377.896
379,5.02,71.1856,15.7834,15.7582,591876,590934,1.18282e+06,378.499
380,5.028,70.9191,15.8085,15.7834,592819,591876,1.18471e+06,379.102
381,5.036,70.6542,15.8336,15.8085,593761,592819,1.18659e+06,379.705
382,5.044,70.3909,15.8588,15.8336,594703,593761,1.18848e+06,380.309
383,5.052,70.1292,15.8839,15.8588,595646,594703,1.19036e+06,380.912
384,5.06,69.8691,15.909,15.8839,596588,595646,1.19225e+06,381.515
385,5.068,69.6105,15.9342,15.909,597531,596588,1.19413e+06,382.118
386,5.076,69.3534,15.9593,15.9342,598473,597531,1.19602e+06,382.721
387,5.084,69.0979,15.9844,15.9593,599416,598473,1.1979e+06,383.325
388,5.092,68.844,16.0096,15.9844,600358,599416,1.19979e+06,383.928
389,5.1,68.5915,16.0347,16.0096,601301,600358,1.20167e+06,384.531
390,5.108,68.3406,16.0598,16.0347,602243,601301,1.20356e+06,385.134
391,5.116,68.0911,16.085,16.0598,603186,602243,1.20544e+06,385.737
392,5.124,67.8432,16.1101,16.085,604128,603186,1.20733e+06,386.34
393,5.132,67.5967,16.1352,16.1101,605071,604128,1.20921e+06,386.944
394,5.14,67.3517,16.1604,16.1352,606013,605071,1.2111e+06,387.547
395,5.148,67.1082,16.1855,16.1604,606956,606013,1.21298e+06,388.15
396,5.156,66.8661,16.2106,16.1855,607898,606956,1.21487e+06,388.753
397,5.164,66.6255,16.2358,16.2106,608841,607898,1.21675e+06,389.356
398,5.172,66.3863,16.2609,16.2358,609783,608841,1.21864e+06,389.96
399,5.18,66.1486,16.286,16.2609,610726,609783,1.22052e+06,390.563
400,5.188,65.9122,16.3111,16.286,611668,610726,1.22241e+06,391.166
401,5.196,65.6773,16.3363,16.3111,612611,611668,1.22429e+06,391.769
402,5.204,65.4438,16.3614,16.3363,613553,612611,1.22618e+06,392.372
403,5.212,65.2116,16.3865,16.3614,614496,613553,1.22806e+06,392.976
404,5.22,64.9809,16.4117,16.3865,615438,614496,1.22995e+06,393.579
405,5.228,64.7515,16.4368,16.4117,616380,615438,1.23183e+06,394.182
406,5.236,64.5235,16.4619,16.4368,617323,616380,1.23372e+06,394.785
407,5.244,64.2968,16.4871,16.4619,618265,617323,1.2356e+06,395.388
408,5.252,64.0716,16.5122,16.4871,619208,618265,1.23749e+06,395.991
409,5.26,63.8476,16.5373,16.5122,620150,619208,1.23937e+06,396.595
410,5.268,63.625,16.5625,16.5373,621093,620150,1.24126e+06,397.198
411,5.276,63.4037,16.5876,16.5625,622035,621093,1.24314e+06,397.801
412,5.284,63.1837,16.6127,16.5876,622978,622035,1.24503e+06,398.404
413,5.292,62.965,16.6379,16.6127,623920,622978,1.24691e+06,399.007
414,5.3,62.7477,16.663,16.6379,624863,623920,1.2488e+06,399.611
415,5.308,62.5316,16.6881,16.663,625805,624863,1.25068e+06,400.214
416,5.316,62.3168,16.7133,16.6881,626748,625805,1.25257e+06,400.817
417,5.324,62.1033,16.7384,16.7133,627690,626748,1.25445e+06,401.42
418,5.332,61.8911,16.7635,16.7384,628633,627690,1.25634e+06,402.023
419,5.34,61.6801,16.7887,16.7635,629575,628633,1.25822e+06,402.627
420,5.348,61.4704,16.8138,16.7887,630518,629575,1.26011e+06,403.23
421,5.356,61.2619,16.8389,16.8138,631460,630518,1.26199e+06,403.833
422,5.364,61.0547,16.8641,16.8389,632403,631460,1.26388e+06,404.436
423,5.372,60.8487,16.8892,16.8641,633345,632403,1.26576e+06,405.039
424,5.38,60.6439,16.9143,16.8892,634288,633345,1.26765e+06,405.642
425,5.388,60.4403,16.9395,16.9143,635230,634288,1.26953e+06,406.246
426,5.396,60.2379,16.9646,16.9395,636173,635230,1.27142e+06,406.849
427,5.404,60.0368,16.9897,16.9646,637115,636173,1.2733e+06,407.452
428,5.412,59.8368,17.0149,16.9897,638057,637115,1.27519e+06,408.055
429,5.42,59.6381,17.04,17.0149,639000,638057,1.27707e+06,408.658
430,5.428,59.4405,17.0651,17.04,639942,639000,1.27896e+06,409.262
431,5.436,59.244,17.0903,17.0651,640885,639942,1.28084e+06,409.865
432,5.444,59.0488,17.1154,17.0903,641827,640885,1.28273e+06,410.468
433,5.452,58.8547,17.1405,17.1154,642770,641827,1.28461e+06,411.071
434,5.46,58.6617,17.1657,17.1405,643712,642770,1.2865e+06,411.674
435,5.468,58.4699,17.1908,17.1657,644655,643712,1.28838e+06,412.277
436,5.476,58.2792,17.2159,17.1908,645597,644655,1.29027e+06,412.881
437,5.484,58.0897,17.2411,17.2159,646540,645597,1.29215e+06,413.484
438,5.492,57.9013,17.2662,17.2411,647482,646540,1.29404e+06,414.087
439,5.5,57.714,17.2913,17.2662,648425,647482,1.29592e+06,414.69
440,5.508,57.5278,17.3165,17.2913,649367,648425,1.29781e+06,415.293
441,5.516,57.3427,17.3416,17.3165,650310,649367,1.29969e+06,415.897
442,5.524,57.1587,17.3667,17.3416,651252,650310,1.30158e+06,416.5
443,5.532,56.9758,17.3919,17.3667,652195,651252,1.30346e+06,417.103
444,5.54,56.794,17.417,17.3919,653137,652195,1.30535e+06,417.706
445,5.548,56.6132,17.4421,17.417,654080,653137,1.30723e+06,418.309
446,5.556,56.4335,17.4673,17.4421,655022,654080,1.30912e+06,418.913
447,5.564,56.2549,17.4924,17.4673,655965,655022,1.311e+06,419.516
448,5.572,56.0773,17.5175,17.4924,656907,655965,1.31289e+06,420.119
449,5.58,55.9008,17.5427,17.5175,657850,656907,1.31477e+06,420.722
450,5.588,55.7254,17.5678,17.5427,658792,657850,1.31666e+06,421.325
451,5.596,55.5509,17.5929,17.5678,659734,658792,1.31854e+06,421.928
452,5.604,55.3775,17.6181,17.5929,660677,659734,1.32043e+06,422.532
453,5.612,55.2052,17.6432,17.6181,661619,660677,1.32231e+06,423.135
454,5.62,55.0338,17.6683,17.6432,662562,661619,1.3242e+06,423.738
455,5.628,54.8635,17.6934,17.6683,663504,662562,1.32608e+06,424.341
456,5.636,54.6941,17.7186,17.6934,664447,663504,1.32797e+06,424.944
457,5.644,54.5258,17.7437,17.7186,665389,664447,1.32985e+06,425.548
458,5.652,54.3584,17.7688,17.7437,666332,665389,1.33174e+06,426.151
459,5.66,54.1921,17.794,17.7688,667274,666332,1.33362e+06,426.754
460,5.668,54.0267,17.8191,17.794,668217,667274,1.33551e+06,427.357
461,5.676,53.8623,17.8442,17.8191,669159,668217,1.33739e+06,427.96
462,5.684,53.6989,17.8694,17.8442,670102,669159,1.33928e+06,428.564
463,5.692,53.5364,17.8945,17.8694,671044,670102,1.34116e+06,429.167
464,5.7,53.3749,17.9196,17.8945,671987,671044,1.34305e+06,429.77
465,5.708,53.2143,17.9448,17.9196,672929,671987,1.34493e+06,430.373
466,5.716,53.0547,17.9699,17.9448,673872,672929,1.34682e+06,430.976
467,5.724,52.8961,17.995,17.9699,674814,673872,1.3487e+06,431.579
468,5.732,52.7383,18.0202,17.995,675757,674814,1.35059e+06,432.183
469,5.74,52.5815,18.0453,18.0202,676699,675757,1.35247e+06,432.786
470,5.748,52.4256,18.0704,18.0453,677642,676699,1.35436e+06,433.389
471,5.756,52.2707,18.0956,18.0704,678584,677642,1.35624e+06,433.992
472,5.764,52.1166,18.1207,18.0956,679526,678584,1.35813e+06,434.595
473,5.772,51.9635,18.1458,18.1207,680469,679526,1.36001e+06,435.199
474,5.78,51.8112,18.171,18.1458,681411,680469,1.3619e+06,435.802
475,5.788,51.6599,18.1961,18.171,682354,681411,1.36378e+06,436.405
476,5.796,51.5094,18.2212,18.1961,683296,682354,1.36567e+06,437.008
477,5.804,51.3599,18.2464,18.2212,684239,683296,1.36755e+06,437.611
478,5.812,51.2112,18.2715,18.2464,685181,684239,1.36944e+06,438.214
479,5.82,51.0634,18.2966,18.2715,686124,685181,1.37132e+06,438.818
480,5.828,50.9164,18.3218,18.2966,687066,686124,1.37321e+06,439.421
481,5.836,50.7704,18.3469,18.3218,688009,687066,1.37509e+06,440.024
482,5.844,50.6251,18.372,18.3469,688951,688009,1.37698e+06,440.627
483,5.852,50.4808,18.3972,18.372,689894,688951,1.37886e+06,441.23
484,5.86,50.3373,18.4223,18.3972,690836,689894,1.38075e+06,441.834
485,5.868,50.1946,18.4474,18.4223,691779,690836,1.38263e+06,442.437
486,5.876,50.0528,18.4726,18.4474,692721,691779,1.38452e+06,443.04
487,5.884,49.9118,18.4977,18.4726,693664,692721,1.3864e+06,443.643
488,5.892,49.7716,18.5228,18.4977,694606,693664,1.38829e+06,444.246
489,5.9,49.6323,18.548,18.5228,695549,694606,1.39017e+06,444.85
490,5.908,49.4937,18.5731,18.548,696491,695549,1.39206e+06,445.453
491,5.916,49.356,18.5982,18.5731,697434,696491,1.39394e+06,446.056
492,5.924,49.2191,18.6234,18.5982,698376,697434,1.39583e+06,446.659
493,5.932,49.083,18.6485,18.6234,699319,698376,1.39771e+06,447.262
494,5.94,48.9477,18.6736,18.6485,700261,699319,1.3996e+06,447.865
495,5.948,48.8132,18.6988,18.6736,701203,700261,1.40148e+06,448.469
496,5.956,48.6795,18.7239,18.6988,702146,701203,1.40337e+06,449.072
497,5.964,48.5466,18.749,18.7239,703088,702146,1.40525e+06,449.675
498,5.972,48.4144,18.7742,18.749,704031,703088,1.40714e+06,450.278
499,5.98,48.2831,18.7993,18.7742,704973,704031,1.40902e+06,450.881
500,5.988,48.1525,18.8244,18.7993,705916,704973,1.41091e+06,451.485
501,5.996,48.0226,18.8496,18.8244,706858,705916,1.41279e+06,452.088
502,6.004,47.8936,18.8747,18.8496,707801,706858,1.41468e+06,452.691
503,6.012,47.7652,18.8998,18.8747,708743,707801,1.41656e+06,453.294
504,6.02,47.6377,18.925,18.8998,709686,708743,1.41845e+06,453.897
505,6.028,47.5109,18.9501,18.925,710628,709686,1.42033e+06,454.5
506,6.036,47.3848,18.9752,18.9501,711571,710628,1.42222e+06,455.104
507,6.044,47.2595,19.0004,18.9752,712513,711571,1.4241e+06,455.707
508,6.052,47.1349,19.0255,19.0004,713456,712513,1.42599e+06,456.31
509,6.06,47.011,19.0506,19.0255,714398,713456,1.42787e+06,456.913
510,6.068,46.8879,19.0758,19.0506,715341,714398,1.42976e+06,457.516
511,6.076,46.7655,19.1009,19.0758,716283,715341,1.43164e+06,458.12
512,6.084,46.6438,19.126,19.1009,717226,716283,1.43353e+06,458.723
513,6.092,46.5228,19.1511,19.126,718168,717226,1.43541e+06,459.326
514,6.1,46.4025,19.1763,19.1511,719111,718168,1.4373e+06,459.929
515,6.108,46.2829,19.2014,19.1763,720053,719111,1.43918e+06,460.532
516,6.116,46.1641,19.2265,19.2014,720996,720053,1.44107e+06,461.136
517,6.124,46.0459,19.2517,19.2265,721938,720996,1.44295e+06,461.739
518,6.132,45.9284,19.2768,19.2517,722880,721938,1.44484e+06,462.342
519,6.14,45.8116,19.3019,19.2768,723823,722880,1.44672e+06,462.945
520,6.148,45.6955,19.3271,19.3019,724765,723823,1.44861e+06,463.548
521,6.156,45.5801,19.3522,19.3271,725708,724765,1.45049e+06,464.151
522,6.164,45.4654,19.3773,19.3522,726650,725708,1.45238e+06,464.755
523,6.172,45.3513,19.4025,19.3773,727593,726650,1.45426e+06,465.358
524,6.18,45.2379,19.4276,19.4025,728535,727593,1.45615e+06,465.961
525,6.188,45.1251,19.4527,19.4276,729478,728535,1.45803e+06,466.564
526,6.196,45.013,19.4779,19.4527,730420,729478,1.45992e+06,467.167
527,6.204,44.9016,19.503,19.4779,731363,730420,1.4618e+06,467.771
528,6.212,44.7908,19.5281,19.503,732305,731363,1.46369e+06,468.374
529,6.22,44.6807,19.5533,19.5281,733248,732305,1.46557e+06,468.977
530,6.228,44.5712,19.5784,19.5533,734190,733248,1.46746e+06,469.58
531,6.236,44.4624,19.6035,19.5784,735133,734190,1.46934e+06,470.183
532,6.244,44.3542,19.6287,19.6035,736075,735133,1.47123e+06,470.787
533,6.252,44.2466,19.6538,19.6287,737018,736075,1.47311e+06,471.39
534,6.26,44.1397,19.6789,19.6538,737960,737018,1.475e+06,471.993
535,6.268,44.0334,19.7041,19.6789,738903,737960,1.47688e+06,472.596
536,6.276,43.9277,19.7292,19.7041,739845,738903,1.47877e+06,473.199
537,6.284,43.8226,19.7543,19.7292,740788,739845,1.48065e+06,473.802
538,6.292,43.7182,19.7795,19.7543,741730,740788,1.48254e+06,474.406
539,6.3,43.6143,19.8046,19.7795,742673,741730,1.48442e+06,475.009
540,6.308,43.5111,19.8297,19.8046,743615,742673,1.48631e+06,475.612
541,6.316,43.4085,19.8549,19.8297,744557,743615,1.48819e+06,476.215
542,6.324,43.3065,19.88,19.8549,745500,744557,1.49008e+06,476.818
543,6.332,43.205,19.9051,19.88,746442,745500,1.49196e+06,477.422
544,6.34,43.1042,19.9303,19.9051,747385,746442,1.49385e+06,478.025
545,6.348,43.0039,19.9554,19.9303,748327,747385,1.49573e+06,478.628
546,6.356,42.9043,19.9805,19.9554,749270,748327,1.49762e+06,479.231
547,6.364,42.8052,20.0057,19.9805,750212,749270,1.4995e+06,479.834
548,6.372,42.7067,20.0308,20.0057,751155,750212,1.50139e+06,480.437
549,6.38,42.6088,20.0559,20.0308,752097,751155,1.50327e+06,481.041
550,6.388,42.5114,20.0811,20.0559,753040,752097,1.50516e+06,481.644
551,6.396,42.4147,20.1062,20.0811,753982,753040,1.50704e+06,482.247
552,6.404,42.3184,20.1313,20.1062,754925,753982,1.50893e+06,482.85
553,6.412,42.2228,20.1565,20.1313,755867,754925,1.51081e+06,483.453
554,6.42,42.1277,20.1816,20.1565,756810,755867,1.5127e+06,484.057
555,6.428,42.0332,20.2067,20.1816,757752,756810,1.51458e+06,484.66
556,6.436,41.9392,20.2319,20.2067,758695,757752,1.51647e+06,485.263
557,6.444,41.8458,20.257,20.2319,759637,758695,1.51835e+06,485.866
558,6.452,41.7529,20.2821,20.257,760580,759637,1.52024e+06,486.469
559,6.46,41.6606,20.3073,20.2821,761522,760580,1.52212e+06,487.073
560,6.468,41.5688,20.3324,20.3073,762465,761522,1.52401e+06,487.676
561,6.476,41.4775,20.3575,20.3324,763407,762465,1.52589e+06,488.279
562,6.484,41.3868,20.3827,20.3575,764349,763407,1.52778e+06,488.882
563,6.492,41.2966,20.4078,20.3827,765292,764349,1.52966e+06,489.485
564,6.5,41.2069,20.4329,20.4078,766234,765292,1.53155e+06,490.088
565,6.508,41.1178,20.4581,20.4329,767177,766234,1.53343e+06,490.692
566,6.516,41.0291,20.4832,20.4581,768119,767177,1.53532e+06,491.295
567,6.524,40.941,20.5083,20.4832,769062,768119,1.5372e+06,491.898
568,6.532,40.8535,20.5334,20.5083,770004,769062,1.53909e+06,492.501
569,6.54,40.7664,20.5586,20.5334,770947,770004,1.54097e+06,493.104
570,6.548,40.6798,20.5837,20.5586,771889,770947,1.54286e+06,493.708
571,6.556,40.5938,20.6088,20.5837,772832,771889,1.54474e+06,494.311
572,6.564,40.5082,20.634,20.6088,773774,772832,1.54663e+06,494.914
573,6.572,40.4232,20.6591,20.634,774717,773774,1.54851e+06,495.517
574,6.58,40.3386,20.6842,20.6591,775659,774717,1.5504e+06,496.12
575,6.588,40.2546,20.7094,20.6842,776602,775659,1.55228e+06,496.723
576,6.596,40.171,20.7345,20.7094,777544,776602,1.55417e+06,497.327
577,6.604,40.0879,20.7596,20.7345,778487,777544,1.55605e+06,497.93
578,6.612,40.0053,20.7848,20.7596,779429,778487,1.55794e+06,498.533
579,6.62,39.9232,20.8099,20.7848,780372,779429,1.55982e+06,499.136
580,6.628,39.8416,20.835,20.8099,781314,780372,1.56171e+06,499.739
581,6.636,39.7605,20.8602,20.835,782257,781314,1.56359e+06,500.343
582,6.644,39.6798,20.8853,20.8602,783199,782257,1.56548e+06,500.946
583,6.652,39.5996,20.9104,20.8853,784142,783199,1.56736e+06,501.549
584,6.66,39.5199,20.9356,20.9104,785084,784142,1.56925e+06,502.152
585,6.668,39.4406,20.9607,20.9356,786026,785084,1.57113e+06,502.755
586,6.676,39.3618,20.9858,20.9607,786969,786026,1.57302e+06,503.359
587,6.684,39.2835,21.011,20.9858,787911,786969,1.5749e+06,503.962
588,6.692,39.2056,21.0361,21.011,788854,787911,1.57679e+06,504.565
589,6.7,39.1282,21.0612,21.0361,789796,788854,1.57867e+06,505.168
590,6.708,39.0512,21.0864,21.0612,790739,789796,1.58056e+06,505.771
591,6.716,38.9747,21.1115,21.0864,791681,790739,1.58244e+06,506.374
592,6.724,38.8986,21.1366,21.1115,792624,791681,1.58433e+06,506.978
593,6.732,38.823,21.1618,21.1366,793566,792624,1.58621e+06,507.581
594,6.74,38.7478,21.1869,21.1618,794509,793566,1.5881e+06,508.184
595,6.748,38.6731,21.212,21.1869,795451,794509,1.58998e+06,508.787
596,6.756,38.5988,21.2372,21.212,796394,795451,1.59187e+06,509.39
597,6.764,38.5249,21.2623,21.2372,797336,796394,1.59375e+06,509.994
598,6.772,38.4515,21.2874,21.2623,798279,797336,1.59564e+06,510.597
599,6.78,38.3785,21.3126,21.2874,799221,798279,1.59752e+06,511.2
600,6.788,38.306,21.3377,21.3126,800164,799221,1.59941e+06,511.803
601,6.796,38.2338,21.3628,21.3377,801106,800164,1.60129e+06,512.406
602,6.804,38.1621,21.388,21.3628,802049,801106,1.60318e+06,513.01
603,6.812,38.0908,21.4131,21.388,802991,802049,1.60506e+06,513.613
604,6.82,38.0199,21.4382,21.4131,803934,802991,1.60695e+06,514.216
605,6.828,37.9494,21.4634,21.4382,804876,803934,1.60883e+06,514.819
606,6.836,37.8794,21.4885,21.4634,805819,804876,1.61072e+06,515.422
607,6.844,37.8098,21.5136,21.4885,806761,805819,1.6126e+06,516.025
608,6.852,37.7405,21.5388,21.5136,807703,806761,1.61449e+06,516.629
609,6.86,37.6717,21.5639,21.5388,808646,807703,1.61637e+06,517.232
610,6.868,37.6033,21.589,21.5639,809588,808646,1.61826e+06,517.835
611,6.876,37.5353,21.6142,21.589,810531,809588,1.62014e+06,518.438
612,6.884,37.4677,21.6393,21.6142,811473,810531,1.62203e+06,519.041
613,6.892,37.4004,21.6644,21.6393,812416,811473,1.62391e+06,519.645
614,6.9,37.3336,21.6896,21.6644,813358,812416,1.6258e+06,520.248
615,6.908,37.2672,21.7147,21.6896,814301,813358,1.62768e+06,520.851
616,6.916,37.2012,21.7398,21.7147,815243,814301,1.62956e+06,521.454
617,6.924,37.1355,21.765,21.7398,816186,815243,1.63145e+06,522.057
618,6.932,37.0702,21.7901,21.765,817128,816186,1.63333e+06,522.66
619,6.94,37.0054,21.8152,21.7901,818071,817128,1.63522e+06,523.264
620,6.948,36.9409,21.8404,21.8152,819013,818071,1.6371e+06,523.867
621,6.956,36.8767,21.8655,21.8404,819956,819013,1.63899e+06,524.47
622,6.964,36.813,21.8906,21.8655,820898,819956,1.64087e+06,525.073
623,6.972,36.7496,21.9158,21.8906,821841,820898,1.64276e+06,525.676
624,6.98,36.6866,21.9409,21.9158,822783,821841,1.64464e+06,526.28
625,6.988,36.624,21.966,21.9409,823726,822783,1.64653e+06,526.883
626,6.996,36.5618,21.9911,21.966,824668,823726,1.64841e+06,527.486
627,7.004,36.4999,22.0163,21.9911,825611,824668,1.6503e+06,528.089
628,7.012,36.4384,22.0414,22.0163,826553,825611,1.65218e+06,528.692
629,7.02,36.3772,22.0665,22.0414,827496,826553,1.65407e+06,529.296
630,7.028,36.3164,22.0917,22.0665,828438,827496,1.65595e+06,529.899
631,7.036,36.256,22.1168,22.0917,829380,828438,1.65784e+06,530.502
632,7.044,36.1959,22.1419,22.1168,830323,829380,1.65972e+06,531.105
633,7.052,36.1362,22.1671,22.1419,831265,830323,1.66161e+06,531.708
634,7.06,36.0768,22.1922,22.1671,832208,831265,1.66349e+06,532.311
635,7.068,36.0178,22.2173,22.1922,833150,832208,1.66538e+06,532.915
636,7.076,35.9591,22.2425,22.2173,834093,833150,1.66726e+06,533.518
637,7.084,35.9008,22.2676,22.2425,835035,834093,1.66915e+06,534.121
638,7.092,35.8428,22.2927,22.2676,835978,835035,1.67103e+06,534.724
639,7.1,35.7851,22.3179,22.2927,836920,835978,1.67292e+06,535.327
640,7.108,35.7278,22.343,22.3179,837863,836920,1.6748e+06,535.931
641,7.116,35.6709,22.3681,22.343,838805,837863,1.67669e+06,536.534
642,7.124,35.6142,22.3933,22.3681,839748,838805,1.67857e+06,537.137
643,7.132,35.558,22.4184,22.3933,840690,839748,1.68046e+06,537.74
644,7.14,35.502,22.4435,22.4184,841633,840690,1.68234e+06,538.343
645,7.148,35.4464,22.4687,22.4435,842575,841633,1.68423e+06,538.947
646,7.156,35.3911,22.4938,22.4687,843518,842575,1.68611e+06,539.55
647,7.164,35.3361,22.5189,22.4938,844460,843518,1.688e+06,540.153
648,7.172,35.2815,22.5441,22.5189,845403,844460,1.68988e+06,540.756
649,7.18,35.2272,22.5692,22.5441,846345,845403,1.69177e+06,541.359
650,7.188,35.1732,22.5943,22.5692,847288,846345,1.69365e+06,541.962
651,7.196,35.1195,22.6195,22.5943,848230,847288,1.69554e+06,542.566
652,7.204,35.0661,22.6446,22.6195,849172,848230,1.69742e+06,543.169
653,7.212,35.0131,22.6697,22.6446,850115,849172,1.69931e+06,543.772
654,7.22,34.9604,22.6949,22.6697,851057,850115,1.70119e+06,544.375
655,7.228,34.908,22.72,22.6949,852000,851057,1.70308e+06,544.978
656,7.236,34.8559,22.7451,22.72,852942,852000,1.70496e+06,545.582
657,7.244,34.8041,22.7703,22.7451,853885,852942,1.70685e+06,546.185
658,7.252,34.7526,22.7954,22.7703,854827,853885,1.70873e+06,546.788
659,7.26,34.7014,22.8205,22.7954,855770,854827,1.71062e+06,547.391
660,7.268,34.6505,22.8457,22.8205,856712,855770,1.7125e+06,547.994
661,7.276,34.6,22.8708,22.8457,857655,856712,1.71439e+06,548.597
662,7.284,34.5497,22.8959,22.8708,858597,857655,1.71627e+06,549.201
663,7.292,34.4997,22.9211,22.8959,859540,858597,1.71816e+06,549.804
664,7.3,34.4501,22.9462,22.9211,860482,859540,1.72004e+06,550.407
665,7.308,34.4007,22.9713,22.9462,861425,860482,1.72193e+06,551.01
666,7.316,34.3516,22.9965,22.9713,862367,861425,1.72381e+06,551.613
667,7.324,34.3028,23.0216,22.9965,863310,862367,1.7257e+06,552.217
668,7.332,34.2543,23.0467,23.0216,864252,863310,1.72758e+06,552.82
669,7.34,34.2061,23.0719,23.0467,865195,864252,1.72947e+06,553.423
670,7.348,34.1582,23.097,23.0719,866137,865195,1.73135e+06,554.026
671,7.356,34.1106,23.1221,23.097,867080,866137,1.73324e+06,554.629
672,7.364,34.0632,23.1473,23.1221,868022,867080,1.73512e+06,555.233
673,7.372,34.0162,23.1724,23.1473,868965,868022,1.73701e+06,555.836
674,7.38,33.9694,23.1975,23.1724,869907,868965,1.73889e+06,556.439
675,7.388,33.9229,23.2227,23.1975,870849,869907,1.74078e+06,557.042
676,7.396,33.8767,23.2478,23.2227,871792,870849,1.74266e+06,557.645
677,7.404,33.8307,23.2729,23.2478,872734,871792,1.74455e+06,558.248
678,7.412,33.785,23.2981,23.2729,873677,872734,1.74643e+06,558.852
679,7.42,33.7396,23.3232,23.2981,874619,873677,1.74832e+06,559.455
680,7.428,33.6945,23.3483,23.3232,875562,874619,1.7502e+06,560.058
681,7.436,33.6497,23.3734,23.3483,876504,875562,1.75209e+06,560.661
682,7.444,33.6051,23.3986,23.3734,877447,876504,1.75397e+06,561.264
683,7.452,33.5608,23.4237,23.3986,878389,877447,1.75586e+06,561.868
684,7.46,33.5167,23.4488,23.4237,879332,878389,1.75774e+06,562.471
685,7.468,33.4729,23.474,23.4488,880274,879332,1.75963e+06,563.074
686,7.476,33.4294,23.4991,23.474,881217,880274,1.76151e+06,563.677
687,7.484,33.3862,23.5242,23.4991,882159,881217,1.7634e+06,564.28
688,7.492,33.3432,23.5494,23.5242,883102,882159,1.76528e+06,564.883
689,7.5,33.3004,23.5745,23.5494,884044,883102,1.76717e+06,565.487
690,7.508,33.258,23.5996,23.5745,884987,884044,1.76905e+06,566.09
691,7.516,33.2157,23.6248,23.5996,885929,884987,1.77094e+06,566.693
692,7.524,33.1738,23.6499,23.6248,886872,885929,1.77282e+06,567.296
693,7.532,33.1321,23.675,23.6499,887814,886872,1.77471e+06,567.899
694,7.54,33.0906,23.7002,23.675,888757,887814,1.77659e+06,568.503
695,7.548,33.0494,23.7253,23.7002,889699,888757,1.77848e+06,569.106
696,7.556,33.0084,23.7504,23.7253,890642,889699,1.78036e+06,569.709
697,7.564,32.9677,23.7756,23.7504,891584,890642,1.78225e+06,570.312
698,7.572,32.9272,23.8007,23.7756,892526,891584,1.78413e+06,570.915
699,7.58,32.887,23.8258,23.8007,893469,892526,1.78602e+06,571.519
700,7.588,32.847,23.851,23.8258,894411,893469,1.7879e+06,572.122
701,7.596,32.8073,23.8761,23.851,895354,894411,1.78979e+06,572.725
702,7.604,32.7678,23.9012,23.8761,896296,895354,1.79167e+06,573.328
703,7.612,32.7286,23.9264,23.9012,897239,896296,1.79356e+06,573.931
704,7.62,32.6896,23.9515,23.9264,898181,897239,1.79544e+06,574.534
705,7.628,32.6508,23.9766,23.9515,899124,898181,1.79733e+06,575.138
706,7.636,32.6122,24.0018,23.9766,900066,899124,1.79921e+06,575.741
707,7.644,32.5739,24.0269,24.0018,901009,900066,1.8011e+06,576.344
708,7.652,32.5359,24.052,24.0269,901951,901009,1.80298e+06,576.947
709,7.66,32.498,24.0772,24.052,902894,901951,1.80487e+06,577.55
710,7.668,32.4604,24.1023,24.0772,903836,902894,1.80675e+06,578.154
711,7.676,32.4231,24.1274,24.1023,904779,903836,1.80864e+06,578.757
712,7.684,32.3859,24.1526,24.1274,905721,904779,1.81052e+06,579.36
713,7.692,32.349,24.1777,24.1526,906664,905721,1.81241e+06,579.963
714,7.7,32.3123,24.2028,24.1777,907606,906664,1.81429e+06,580.566
715,7.708,32.2758,24.228,24.2028,908549,907606,1.81618e+06,581.17
716,7.716,32.2396,24.2531,24.228,909491,908549,1.81806e+06,581.773
717,7.724,32.2036,24.2782,24.2531,910434,909491,1.81995e+06,582.376
718,7.732,32.1678,24.3034,24.2782,911376,910434,1.82183e+06,582.979
719,7.74,32.1322,24.3285,24.3034,912319,911376,1.82372e+06,583.582
720,7.748,32.0968,24.3536,24.3285,913261,912319,1.8256e+06,584.185
721,7.756,32.0617,24.3788,24.3536,914203,913261,1.82749e+06,584.789
722,7.764,32.0268,24.4039,24.3788,915146,914203,1.82937e+06,585.392
723,7.772,31.9921,24.429,24.4039,916088,915146,1.83126e+06,585.995
724,7.78,31.9576,24.4542,24.429,917031,916088,1.83314e+06,586.598
725,7.788,31.9233,24.4793,24.4542,917973,917031,1.83503e+06,587.201
726,7.796,31.8892,24.5044,24.4793,918916,917973,1.83691e+06,587.805
727,7.804,31.8554,24.5296,24.5044,919858,918916,1.8388e+06,588.408
728,7.812,31.8217,24.5547,24.5296,920801,919858,1.84068e+06,589.011
729,7.82,31.7883,24.5798,24.5547,921743,920801,1.84257e+06,589.614
730,7.828,31.7551,24.605,24.5798,922686,921743,1.84445e+06,590.217
731,7.836,31.722,24.6301,24.605,923628,922686,1.84634e+06,590.82
732,7.844,31.6892,24.6552,24.6301,924571,923628,1.84822e+06,591.424
733,7.852,31.6566,24.6804,24.6552,925513,924571,1.85011e+06,592.027
734,7.86,31.6242,24.7055,24.6804,926456,925513,1.85199e+06,592.63
735,7.868,31.592,24.7306,24.7055,927398,926456,1.85388e+06,593.233
736,7.876,31.56,24.7558,24.7306,928341,927398,1.85576e+06,593.836
737,7.884,31.5282,24.7809,24.7558,929283,928341,1.85765e+06,594.44
738,7.892,31.4966,24.806,24.7809,930226,929283,1.85953e+06,595.043
739,7.9,31.4652,24.8311,24.806,931168,930226,1.86142e+06,595.646
740,7.908,31.4339,24.8563,24.8311,932111,931168,1.8633e+06,596.249
741,7.916,31.4029,24.8814,24.8563,933053,932111,1.86519e+06,596.852
742,7.924,31.3721,24.9065,24.8814,933995,933053,1.86707e+06,597.456
743,7.932,31.3415,24.9317,24.9065,934938,933995,1.86896e+06,598.059
744,7.94,31.3111,24.9568,24.9317,935880,934938,1.87084e+06,598.662
745,7.948,31.2808,24.9819,24.9568,936823,935880,1.87273e+06,599.265
746,7.956,31.2508,25.0071,24.9819,937765,936823,1.87461e+06,599.868
747,7.964,31.2209,25.0322,25.0071,938708,937765,1.8765e+06,600.471
748,7.972,31.1912,25.0573,25.0322,939650,938708,1.87838e+06,601.075
749,7.98,31.1618,25.0825,25.0573,940593,939650,1.88027e+06,601.678
750,7.988,31.1325,25.1076,25.0825,941535,940593,1.88215e+06,602.281
751,7.996,31.1034,25.1327,25.1076,942478,941535,1.88404e+06,602.884
752,8.004,31.0744,25.1579,25.1327,943420,942478,1.88592e+06,603.487
753,8.012,31.0457,25.183,25.1579,944363,943420,1.88781e+06,604.091
754,8.02,31.0171,25.2081,25.183,945305,944363,1.88969e+06,604.694
755,8.028,30.9888,25.2333,25.2081,946248,945305,1.89158e+06,605.297
756,8.036,30.9606,25.2584,25.2333,947190,946248,1.89346e+06,605.9
757,8.044,30.9326,25.2835,25.2584,948133,947190,1.89535e+06,606.503
758,8.052,30.9047,25.3087,25.2835,949075,948133,1.89723e+06,607.106
759,8.06,30.8771,25.3338,25.3087,950018,949075,1.89912e+06,607.71
760,8.068,30.8496,25.3589,25.3338,950960,950018,1.901e+06,608.313
761,8.076,30.8223,25.3841,25.3589,951903,950960,1.90289e+06,608.916
762,8.084,30.7952,25.4092,25.3841,952845,951903,1.90477e+06,609.519
763,8.092,30.7683,25.4343,25.4092,953788,952845,1.90666e+06,610.122
764,8.1,30.7415,25.4595,25.4343,954730,953788,1.90854e+06,610.726
765,8.108,30.7149,25.4846,25.4595,955672,954730,1.91043e+06,611.329
766,8.116,30.6885,25.5097,25.4846,956615,955672,1.91231e+06,611.932
767,8.124,30.6622,25.5349,25.5097,957557,956615,1.9142e+06,612.535
768,8.132,30.6361,25.56,25.5349,958500,957557,1.91608e+06,613.138
769,8.14,30.6102,25.5851,25.56,959442,958500,1.91797e+06,613.742
770,8.148,30.5845,25.6103,25.5851,960385,959442,1.91985e+06,614.345
771,8.156,30.5589,25.6354,25.6103,961327,960385,1.92174e+06,614.948
772,8.164,30.5335,25.6605,25.6354,962270,961327,1.92362e+06,615.551
773,8.172,30.5082,25.6857,25.6605,963212,962270,1.92551e+06,616.154
774,8.18,30.4832,25.7108,25.6857,964155,963212,1.92739e+06,616.757
775,8.188,30.4582,25.7359,25.7108,965097,964155,1.92928e+06,617.361
776,8.196,30.4335,25.7611,25.7359,966040,965097,1.93116e+06,617.964
777,8.204,30.4089,25.7862,25.7611,966982,966040,1.93305e+06,618.567
778,8.212,30.3845,25.8113,25.7862,967925,966982,1.93493e+06,619.17
779,8.22,30.3602,25.8365,25.8113,968867,967925,1.93682e+06,619.773
780,8.228,30.3361,25.8616,25.8365,969810,968867,1.9387e+06,620.377
781,8.236,30.3122,25.8867,25.8616,970752,969810,1.94059e+06,620.98
782,8.244,30.2884,25.9119,25.8867,971695,970752,1.94247e+06,621.583
783,8.252,30.2648,25.937,25.9119,972637,971695,1.94436e+06,622.186
784,8.26,30.2413,25.9621,25.937,973580,972637,1.94624e+06,622.789
785,8.268,30.218,25.9873,25.9621,974522,973580,1.94813e+06,623.393
786,8.276,30.1948,26.0124,25.9873,975465,974522,1.95001e+06,623.996
787,8.284,30.1719,26.0375,26.0124,976407,975465,1.9519e+06,624.599
788,8.292,30.149,26.0627,26.0375,977349,976407,1.95378e+06,625.202
789,8.3,30.1263,26.0878,26.0627,978292,977349,1.95567e+06,625.805
790,8.308,30.1038,26.1129,26.0878,979234,978292,1.95755e+06,626.408
791,8.316,30.0814,26.1381,26.1129,980177,979234,1.95944e+06,627.012
792,8.324,30.0592,26.1632,26.1381,981119,980177,1.96132e+06,627.615
793,8.332,30.0371,26.1883,26.1632,982062,981119,1.96321e+06,628.218
794,8.34,30.0152,26.2134,26.1883,983004,982062,1.96509e+06,628.821
795,8.348,29.9934,26.2386,26.2134,983947,983004,1.96698e+06,629.424
796,8.356,29.9717,26.2637,26.2386,984889,983947,1.96886e+06,630.028
797,8.364,29.9503,26.2888,26.2637,985832,984889,1.97075e+06,630.631
798,8.372,29.9289,26.314,26.2888,986774,985832,1.97263e+06,631.234
799,8.38,29.9077,26.3391,26.314,987717,986774,1.97452e+06,631.837
800,8.388,29.8867,26.3642,26.3391,988659,987717,1.9764e+06,632.44
801,8.396,29.8658,26.3894,26.3642,989602,988659,1.97829e+06,633.043
802,8.404,29.845,26.4145,26.3894,990544,989602,1.98017e+06,633.647
803,8.412,29.8244,26.4396,26.4145,991487,990544,1.98206e+06,634.25
804,8.42,29.8039,26.4648,26.4396,992429,991487,1.98394e+06,634.853
805,8.428,29.7836,26.4899,26.4648,993372,992429,1.98583e+06,635.456
806,8.436,29.7634,26.515,26.4899,994314,993372,1.98771e+06,636.059
807,8.444,29.7434,26.5402,26.515,995257,994314,1.9896e+06,636.663
808,8.452,29.7235,26.5653,26.5402,996199,995257,1.99148e+06,637.266
809,8.46,29.7037,26.5904,26.5653,997142,996199,1.99337e+06,637.869
810,8.468,29.6841,26.6156,26.5904,998084,997142,1.99525e+06,638.472
811,8.476,29.6646,26.6407,26.6156,999026,998084,1.99714e+06,639.075
812,8.484,29.6452,26.6658,26.6407,999969,999026,1.99902e+06,639.679
813,8.492,29.626,26.691,26.6658,1.00091e+06,999969,2.00091e+06,640.282
814,8.5,29.607,26.7161,26.691,1.00185e+06,1.00091e+06,2.00279e+06,640.885
815,8.508,29.588,26.7412,26.7161,1.0028e+06,1.00185e+06,2.00468e+06,641.488
816,8.516,29.5692,26.7664,26.7412,1.00374e+06,1.0028e+06,2.00656e+06,642.091
817,8.524,29.5505,26.7915,26.7664,1.00468e+06,1.00374e+06,2.00845e+06,642.694
818,8.532,29.532,26.8166,26.7915,1.00562e+06,1.00468e+06,2.01033e+06,643.298
819,8.54,29.5136,26.8418,26.8166,1.00657e+06,1.00562e+06,2.01222e+06,643.901
820,8.548,29.4953,26.8669,26.8418,1.00751e+06,1.00657e+06,2.0141e+06,644.504
821,8.556,29.4772,26.892,26.8669,1.00845e+06,1.00751e+06,2.01599e+06,645.107
822,8.564,29.4592,26.9172,26.892,1.00939e+06,1.00845e+06,2.01787e+06,645.71
823,8.572,29.4413,26.9423,26.9172,1.01034e+06,1.00939e+06,2.01976e+06,646.314
824,8.58,29.4236,26.9674,26.9423,1.01128e+06,1.01034e+06,2.02164e+06,646.917
825,8.588,29.4059,26.9926,26.9674,1.01222e+06,1.01128e+06,2.02353e+06,647.52
826,8.596,29.3885,27.0177,26.9926,1.01316e+06,1.01222e+06,2.02541e+06,648.123
827,8.604,29.3711,27.0428,27.0177,1.01411e+06,1.01316e+06,2.0273e+06,648.726
828,8.612,29.3539,27.068,27.0428,1.01505e+06,1.01411e+06,2.02918e+06,649.33
829,8.62,29.3368,27.0931,27.068,1.01599e+06,1.01505e+06,2.03107e+06,649.933
830,8.628,29.3198,27.1182,27.0931,1.01693e+06,1.01599e+06,2.03295e+06,650.536
831,8.636,29.3029,27.1434,27.1182,1.01788e+06,1.01693e+06,2.03484e+06,651.139
832,8.644,29.2862,27.1685,27.1434,1.01882e+06,1.01788e+06,2.03672e+06,651.742
833,8.652,29.2696,27.1936,27.1685,1.01976e+06,1.01882e+06,2.03861e+06,652.345
834,8.66,29.2531,27.2188,27.1936,1.0207e+06,1.01976e+06,2.04049e+06,652.949
835,8.668,29.2368,27.2439,27.2188,1.02165e+06,1.0207e+06,2.04238e+06,653.552
836,8.676,29.2206,27.269,27.2439,1.02259e+06,1.02165e+06,2.04426e+06,654.155
837,8.684,29.2045,27.2942,27.269,1.02353e+06,1.02259e+06,2.04615e+06,654.758
838,8.692,29.1885,27.3193,27.2942,1.02447e+06,1.02353e+06,2.04803e+06,655.361
839,8.7,29.1726,27.3444,27.3193,1.02542e+06,1.02447e+06,2.04992e+06,655.965
840,8.708,29.1569,27.3696,27.3444,1.02636e+06,1.02542e+06,2.0518e+06,656.568
841,8.716,29.1413,27.3947,27.3696,1.0273e+06,1.02636e+06,2.05369e+06,657.171
842,8.724,29.1258,27.4198,27.3947,1.02824e+06,1.0273e+06,2.05557e+06,657.774
843,8.732,29.1104,27.445,27.4198,1.02919e+06,1.02824e+06,2.05746e+06,658.377
844,8.74,29.0951,27.4701,27.445,1.03013e+06,1.02919e+06,2.05934e+06,658.98
845,8.748,29.08,27.4952,27.4701,1.03107e+06,1.03013e+06,2.06123e+06,659.584
846,8.756,29.065,27.5204,27.4952,1.03201e+06,1.03107e+06,2.06311e+06,660.187
847,8.764,29.0501,27.5455,27.5204,1.03296e+06,1.03201e+06,2.065e+06,660.79
848,8.772,29.0353,27.5706,27.5455,1.0339e+06,1.03296e+06,2.06688e+06,661.393
849,8.78,29.0206,27.5957,27.5706,1.03484e+06,1.0339e+06,2.06877e+06,661.996
850,8.788,29.0061,27.6209,27.5957,1.03578e+06,1.03484e+06,2.07065e+06,662.6
851,8.796,28.9916,27.646,27.6209,1.03673e+06,1.03578e+06,2.07254e+06,663.203
852,8.804,28.9773,27.6711,27.646,1.03767e+06,1.03673e+06,2.07442e+06,663.806
853,8.812,28.9631,27.6963,27.6711,1.03861e+06,1.03767e+06,2.07631e+06,664.409
854,8.82,28.949,27.7214,27.6963,1.03955e+06,1.03861e+06,2.07819e+06,665.012
855,8.828,28.935,27.7465,27.7214,1.0405e+06,1.03955e+06,2.08008e+06,665.616
856,8.836,28.9211,27.7717,27.7465,1.04144e+06,1.0405e+06,2.08196e+06,666.219
857,8.844,28.9074,27.7968,27.7717,1.04238e+06,1.04144e+06,2.08385e+06,666.822
858,8.852,28.8938,27.8219,27.7968,1.04332e+06,1.04238e+06,2.08573e+06,667.425
859,8.86,28.8802,27.8471,27.8219,1.04427e+06,1.04332e+06,2.08762e+06,668.028
860,8.868,28.8668,27.8722,27.8471,1.04521e+06,1.04427e+06,2.0895e+06,668.631
861,8.876,28.8535,27.8973,27.8722,1.04615e+06,1.04521e+06,2.09138e+06,669.235
862,8.884,28.8403,27.9225,27.8973,1.04709e+06,1.04615e+06,2.09327e+06,669.838
863,8.892,28.8272,27.9476,27.9225,1.04804e+06,1.04709e+06,2.09515e+06,670.441
864,8.9,28.8142,27.9727,27.9476,1.04898e+06,1.04804e+06,2.09704e+06,671.044
865,8.908,28.8014,27.9979,27.9727,1.04992e+06,1.04898e+06,2.09892e+06,671.647
866,8.916,28.7886,28.023,27.9979,1.05086e+06,1.04992e+06,2.10081e+06,672.251
867,8.924,28.776,28.0481,28.023,1.05181e+06,1.05086e+06,2.10269e+06,672.854
868,8.932,28.7634,28.0733,28.0481,1.05275e+06,1.05181e+06,2.10458e+06,673.457
869,8.94,28.751,28.0984,28.0733,1.05369e+06,1.05275e+06,2.10646e+06,674.06
870,8.948,28.7387,28.1235,28.0984,1.05463e+06,1.05369e+06,2.10835e+06,674.663
871,8.956,28.7264,28.1487,28.1235,1.05558e+06,1.05463e+06,2.11023e+06,675.266
872,8.964,28.7143,28.1738,28.1487,1.05652e+06,1.05558e+06,2.11212e+06,675.87
873,8.972,28.7023,28.1989,28.1738,1.05746e+06,1.05652e+06,2.114e+06,676.473
874,8.98,28.6904,28.2241,28.1989,1.0584e+06,1.05746e+06,2.11589e+06,677.076
875,8.988,28.6786,28.2492,28.2241,1.05935e+06,1.0584e+06,2.11777e+06,677.679
876,8.996,28.6669,28.2743,28.2492,1.06029e+06,1.05935e+06,2.11966e+06,678.282
877,9.004,28.6553,28.2995,28.2743,1.06123e+06,1.06029e+06,2.12154e+06,678.886
878,9.012,28.6439,28.3246,28.2995,1.06217e+06,1.06123e+06,2.12343e+06,679.489
879,9.02,28.6325,28.3497,28.3246,1.06311e+06,1.06217e+06,2.12531e+06,680.092
880,9.028,28.6212,28.3749,28.3497,1.06406e+06,1.06311e+06,2.1272e+06,680.695
881,9.036,28.61,28.4,28.3749,1.065e+06,1.06406e+06,2.12908e+06,681.298
882,9.044,28.5989,28.4251,28.4,1.06594e+06,1.065e+06,2.13097e+06,681.902
883,9.052,28.588,28.4503,28.4251,1.06688e+06,1.06594e+06,2.13285e+06,682.505
884,9.06,28.5771,28.4754,28.4503,1.06783e+06,1.06688e+06,2.13474e+06,683.108
885,9.068,28.5663,28.5005,28.4754,1.06877e+06,1.06783e+06,2.13662e+06,683.711
886,9.076,28.5557,28.5257,28.5005,1.06971e+06,1.06877e+06,2.13851e+06,684.314
887,9.084,28.5451,28.5508,28.5257,1.07065e+06,1.06971e+06,2.14039e+06,684.917
888,9.092,28.5346,28.5759,28.5508,1.0716e+06,1.07065e+06,2.14228e+06,685.521
889,9.1,28.5243,28.6011,28.5759,1.07254e+06,1.0716e+06,2.14416e+06,686.124
890,9.108,28.514,28.6262,28.6011,1.07348e+06,1.07254e+06,2.14605e+06,686.727
891,9.116,28.5038,28.6513,28.6262,1.07442e+06,1.07348e+06,2.14793e+06,687.33
892,9.124,28.4937,28.6765,28.6513,1.07537e+06,1.07442e+06,2.14982e+06,687.933
893,9.132,28.4838,28.7016,28.6765,1.07631e+06,1.07537e+06,2.1517e+06,688.537
894,9.14,28.4739,28.7267,28.7016,1.07725e+06,1.07631e+06,2.15359e+06,689.14
895,9.148,28.4641,28.7519,28.7267,1.07819e+06,1.07725e+06,2.15547e+06,689.743
896,9.156,28.4544,28.777,28.7519,1.07914e+06,1.07819e+06,2.15736e+06,690.346
897,9.164,28.4449,28.8021,28.777,1.08008e+06,1.07914e+06,2.15924e+06,690.949
898,9.172,28.4354,28.8273,28.8021,1.08102e+06,1.08008e+06,2.16113e+06,691.553
899,9.18,28.426,28.8524,28.8273,1.08196e+06,1.08102e+06,2.16301e+06,692.156
900,9.188,28.4167,28.8775,28.8524,1.08291e+06,1.08196e+06,2.1649e+06,692.759
901,9.196,28.4075,28.9027,28.8775,1.08385e+06,1.08291e+06,2.16678e+06,693.362
902,9.204,28.3984,28.9278,28.9027,1.08479e+06,1.08385e+06,2.16867e+06,693.965
903,9.212,28.3894,28.9529,28.9278,1.08573e+06,1.08479e+06,2.17055e+06,694.568
904,9.22,28.3804,28.9781,28.9529,1.08668e+06,1.08573e+06,2.17244e+06,695.172
905,9.228,28.3716,29.0032,28.9781,1.08762e+06,1.08668e+06,2.17432e+06,695.775
906,9.236,28.3629,29.0283,29.0032,1.08856e+06,1.08762e+06,2.17621e+06,696.378
907,9.244,28.3543,29.0534,29.0283,1.0895e+06,1.08856e+06,2.17809e+06,696.981
908,9.252,28.3457,29.0786,29.0534,1.09045e+06,1.0895e+06,2.17998e+06,697.584
909,9.26,28.3373,29.1037,29.0786,1.09139e+06,1.09045e+06,2.18186e+06,698.188
910,9.268,28.3289,29.1288,29.1037,1.09233e+06,1.09139e+06,2.18375e+06,698.791
911,9.276,28.3207,29.154,29.1288,1.09327e+06,1.09233e+06,2.18563e+06,699.394
912,9.284,28.3125,29.1791,29.154,1.09422e+06,1.09327e+06,2.18752e+06,699.997
913,9.292,28.3044,29.2042,29.1791,1.09516e+06,1.09422e+06,2.1894e+06,700.6
914,9.3,28.2964,29.2294,29.2042,1.0961e+06,1.09516e+06,2.19129e+06,701.203
915,9.308,28.2885,29.2545,29.2294,1.09704e+06,1.0961e+06,2.19317e+06,701.807
916,9.316,28.2807,29.2796,29.2545,1.09799e+06,1.09704e+06,2.19506e+06,702.41
917,9.324,28.273,29.3048,29.2796,1.09893e+06,1.09799e+06,2.19694e+06,703.013
918,9.332,28.2654,29.3299,29.3048,1.09987e+06,1.09893e+06,2.19883e+06,703.616
919,9.34,28.2578,29.355,29.3299,1.10081e+06,1.09987e+06,2.20071e+06,704.219
920,9.348,28.2504,29.3802,29.355,1.10176e+06,1.10081e+06,2.2026e+06,704.823
921,9.356,28.243,29.4053,29.3802,1.1027e+06,1.10176e+06,2.20448e+06,705.426
922,9.364,28.2358,29.4304,29.4053,1.10364e+06,1.1027e+06,2.20637e+06,706.029
923,9.372,28.2286,29.4556,29.4304,1.10458e+06,1.10364e+06,2.20825e+06,706.632
924,9.38,28.2215,29.4807,29.4556,1.10553e+06,1.10458e+06,2.21014e+06,707.235
925,9.388,28.2145,29.5058,29.4807,1.10647e+06,1.10553e+06,2.21202e+06,707.839
926,9.396,28.2076,29.531,29.5058,1.10741e+06,1.10647e+06,2.21391e+06,708.442
927,9.404,28.2008,29.5561,29.531,1.10835e+06,1.10741e+06,2.21579e+06,709.045
928,9.412,28.194,29.5812,29.5561,1.1093e+06,1.10835e+06,2.21768e+06,709.648
929,9.42,28.1874,29.6064,29.5812,1.11024e+06,1.1093e+06,2.21956e+06,710.251
930,9.428,28.1808,29.6315,29.6064,1.11118e+06,1.11024e+06,2.22145e+06,710.854
931,9.436,28.1744,29.6566,29.6315,1.11212e+06,1.11118e+06,2.22333e+06,711.458
932,9.444,28.168,29.6818,29.6566,1.11307e+06,1.11212e+06,2.22522e+06,712.061
933,9.452,28.1617,29.7069,29.6818,1.11401e+06,1.11307e+06,2.2271e+06,712.664
934,9.46,28.1555,29.732,29.7069,1.11495e+06,1.11401e+06,2.22899e+06,713.267
935,9.468,28.1493,29.7572,29.732,1.11589e+06,1.11495e+06,2.23087e+06,713.87
936,9.476,28.1433,29.7823,29.7572,1.11684e+06,1.11589e+06,2.23276e+06,714.474
937,9.484,28.1373,29.8074,29.7823,1.11778e+06,1.11684e+06,2.23464e+06,715.077
938,9.492,28.1315,29.8326,29.8074,1.11872e+06,1.11778e+06,2.23653e+06,715.68
939,9.5,28.1257,29.8577,29.8326,1.11966e+06,1.11872e+06,2.23841e+06,716.283
940,9.508,28.12,29.8828,29.8577,1.12061e+06,1.11966e+06,2.2403e+06,716.886
941,9.516,28.1144,29.908,29.8828,1.12155e+06,1.12061e+06,2.24218e+06,717.489
942,9.524,28.1088,29.9331,29.908,1.12249e+06,1.12155e+06,2.24407e+06,718.093
943,9.532,28.1034,29.9582,29.9331,1.12343e+06,1.12249e+06,2.24595e+06,718.696
944,9.54,28.098,29.9834,29.9582,1.12438e+06,1.12343e+06,2.24784e+06,719.299
945,9.548,28.0927,30.0085,29.9834,1.12532e+06,1.12438e+06,2.24972e+06,719.902
946,9.556,28.0875,30.0336,30.0085,1.12626e+06,1.12532e+06,2.25161e+06,720.505
947,9.564,28.0824,30.0588,30.0336,1.1272e+06,1.12626e+06,2.25349e+06,721.109
948,9.572,28.0774,30.0839,30.0588,1.12815e+06,1.1272e+06,2.25538e+06,721.712
949,9.58,28.0724,30.109,30.0839,1.12909e+06,1.12815e+06,2.25726e+06,722.315
950,9.588,28.0676,30.1342,30.109,1.13003e+06,1.12909e+06,2.25915e+06,722.918
951,9.596,28.0628,30.1593,30.1342,1.13097e+06,1.13003e+06,2.26103e+06,723.521
952,9.604,28.0581,30.1844,30.1593,1.13192e+06,1.13097e+06,2.26292e+06,724.125
953,9.612,28.0535,30.2096,30.1844,1.13286e+06,1.13192e+06,2.2648e+06,724.728
954,9.62,28.0489,30.2347,30.2096,1.1338e+06,1.13286e+06,2.26669e+06,725.331
955,9.628,28.0445,30.2598,30.2347,1.13474e+06,1.1338e+06,2.26857e+06,725.934
956,9.636,28.0401,30.285,30.2598,1.13569e+06,1.13474e+06,2.27046e+06,726.537
957,9.644,28.0358,30.3101,30.285,1.13663e+06,1.13569e+06,2.27234e+06,727.14
958,9.652,28.0316,30.3352,30.3101,1.13757e+06,1.13663e+06,2.27423e+06,727.744
959,9.66,28.0275,30.3604,30.3352,1.13851e+06,1.13757e+06,2.27611e+06,728.347
960,9.668,28.0234,30.3855,30.3604,1.13946e+06,1.13851e+06,2.278e+06,728.95
961,9.676,28.0195,30.4106,30.3855,1.1404e+06,1.13946e+06,2.27988e+06,729.553
962,9.684,28.0156,30.4357,30.4106,1.14134e+06,1.1404e+06,2.28177e+06,730.156
963,9.692,28.0118,30.4609,30.4357,1.14228e+06,1.14134e+06,2.28365e+06,730.76
964,9.7,28.008,30.486,30.4609,1.14323e+06,1.14228e+06,2.28554e+06,731.363
965,9.708,28.0044,30.5111,30.486,1.14417e+06,1.14323e+06,2.28742e+06,731.966
966,9.716,28.0008,30.5363,30.5111,1.14511e+06,1.14417e+06,2.28931e+06,732.569
967,9.724,27.9973,30.5614,30.5363,1.14605e+06,1.14511e+06,2.29119e+06,733.172
968,9.732,27.9939,30.5865,30.5614,1.147e+06,1.14605e+06,2.29308e+06,733.776
969,9.74,27.9906,30.6117,30.5865,1.14794e+06,1.147e+06,2.29496e+06,734.379
970,9.748,27.9874,30.6368,30.6117,1.14888e+06,1.14794e+06,2.29685e+06,734.982
971,9.756,27.9842,30.6619,30.6368,1.14982e+06,1.14888e+06,2.29873e+06,735.585
972,9.764,27.9811,30.6871,30.6619,1.15077e+06,1.14982e+06,2.30062e+06,736.188
973,9.772,27.9781,30.7122,30.6871,1.15171e+06,1.15077e+06,2.3025e+06,736.791
974,9.78,27.9752,30.7373,30.7122,1.15265e+06,1.15171e+06,2.30439e+06,737.395
975,9.788,27.9723,30.7625,30.7373,1.15359e+06,1.15265e+06,2.30627e+06,737.998
976,9.796,27.9695,30.7876,30.7625,1.15454e+06,1.15359e+06,2.30816e+06,738.601
977,9.804,27.9668,30.8127,30.7876,1.15548e+06,1.15454e+06,2.31004e+06,739.204
978,9.812,27.9642,30.8379,30.8127,1.15642e+06,1.15548e+06,2.31193e+06,739.807
979,9.82,27.9617,30.863,30.8379,1.15736e+06,1.15642e+06,2.31381e+06,740.411
980,9.828,27.9592,30.8881,30.863,1.15831e+06,1.15736e+06,2.3157e+06,741.014
981,9.836,27.9568,30.9133,30.8881,1.15925e+06,1.15831e+06,2.31758e+06,741.617
982,9.844,27.9545,30.9384,30.9133,1.16019e+06,1.15925e+06,2.31947e+06,742.22
983,9.852,27.9523,30.9635,30.9384,1.16113e+06,1.16019e+06,2.32135e+06,742.823
984,9.86,27.9501,30.9887,30.9635,1.16208e+06,1.16113e+06,2.32324e+06,743.426
985,9.868,27.9481,31.0138,30.9887,1.16302e+06,1.16208e+06,2.32512e+06,744.03
986,9.876,27.9461,31.0389,31.0138,1.16396e+06,1.16302e+06,2.32701e+06,744.633
987,9.884,27.9441,31.0641,31.0389,1.1649e+06,1.16396e+06,2.32889e+06,745.236
988,9.892,27.9423,31.0892,31.0641,1.16585e+06,1.1649e+06,2.33078e+06,745.839
989,9.9,27.9405,31.1143,31.0892,1.16679e+06,1.16585e+06,2.33266e+06,746.442
990,9.908,27.9388,31.1395,31.1143,1.16773e+06,1.16679e+06,2.33455e+06,747.046
991,9.916,27.9372,31.1646,31.1395,1.16867e+06,1.16773e+06,2.33643e+06,747.649
992,9.924,27.9357,31.1897,31.1646,1.16961e+06,1.16867e+06,2.33832e+06,748.252
993,9.932,27.9342,31.2149,31.1897,1.17056e+06,1.16961e+06,2.3402e+06,748.855
994,9.94,27.9328,31.24,31.2149,1.1715e+06,1.17056e+06,2.34209e+06,749.458
995,9.948,27.9315,31.2651,31.24,1.17244e+06,1.1715e+06,2.34397e+06,750.062
996,9.956,27.9303,31.2903,31.2651,1.17338e+06,1.17244e+06,2.34586e+06,750.665
997,9.964,27.9291,31.3154,31.2903,1.17433e+06,1.17338e+06,2.34774e+06,751.268
998,9.972,27.928,31.3405,31.3154,1.17527e+06,1.17433e+06,2.34963e+06,751.871
999,9.98,27.927,31.3657,31.3405,1.17621e+06,1.17527e+06,2.35151e+06,752.474
1000,9.988,27.9261,31.3908,31.3657,1.17715e+06,1.17621e+06,2.3534e+06,753.077
1001,9.996,27.9252,31.4096,31.3908,1.17786e+06,1.17715e+06,2.35505e+06,753.681
1002,10,27.9245,15.708,31.4096,0,75000,75020,500
