i,x1[i],Tcc,Calor cambra,Calor extreta pel fluid,Calor intercanviada amb l'aire exterior,T3[i],P3[i],v3[i],rho3[i],alfa3[i],T2[i],T4[i]
0,0,1327.93862141015,132801.671051487,132810.070477618,-8.3994261305971,200,15000000,1.5848191492551,18.1846395481194,1049.90309440259,630.396754127816,210.488772722918
1,0.00125,1327.93862141015,132801.671051487,132810.070477618,-8.3994261305971,200.542604006434,14999999.771595,1.58911881955191,18.1354374660842,1050.22652269375,630.413670807401,210.515342039154
2,0.0025,1327.93862141015,132801.671051487,132810.070477618,-8.3994261305971,201.083744336127,14999999.5432198,1.5934068916615,18.0866325663436,1050.54878244267,630.446348680597,210.567084870769
3,0.00375,1327.93862141015,132801.671051487,132810.070477618,-8.3994261305971,201.623483287754,14999999.3148609,1.59768385924545,18.0382150144346,1050.86991029908,630.493710922261,210.642678220472
4,0.005,1327.93862141015,132801.671051487,132810.070477618,-8.3994261305971,202.16187964332,14999999.0865055,1.60195018809887,17.9901754700394,1051.18994079874,630.554754023787,210.740868050778
5,0.00625,1327.93862141015,132801.671051487,132810.070477618,-8.3994261305971,202.698988873812,14999998.8581417,1.60620631777998,17.9425050562582,1051.50890648938,630.628542812057,210.860465648407
6,0.0075,1327.93862141015,132801.671051487,132810.070477618,-8.3994261305971,203.234863332525,14999998.6297581,1.61045266314212,17.8951953309403,1051.82683804837,630.714205806825,211.000344185043
7,0.00875,1327.93862141015,132801.671051487,132810.070477618,-8.3994261305971,203.769552436822,14999998.4013441,1.61468961577395,17.8482382599256,1052.14376439473,630.810930893457,211.159435463418
8,0.01,1327.93862141015,132801.671051487,132810.070477618,-8.3994261305971,204.303102839034,14999998.1728896,1.61891754535375,17.801626192064,1052.45971279279,630.917961289533,211.336726838309
9,0.01125,1327.93862141015,132801.671051487,132810.070477618,-8.3994261305971,204.835558587166,14999997.944385,1.62313680092282,17.7553518358873,1052.77470895078,631.034591785311,211.53125830267
10,0.0125,1327.93862141015,132801.671051487,132810.070477618,-8.3994261305971,205.366961276043,14999997.7158214,1.6273477120832,17.7094082378184,1053.08877711301,631.160165239392,211.742119729702
11,0.01375,1327.93862141015,132801.671051487,132810.070477618,-8.3994261305971,205.897350189466,14999997.4871904,1.63155059012415,17.6637887618111,1053.40194014639,631.294069312238,211.968448262206
12,0.015,1327.93862141015,132801.671051487,132810.070477618,-8.3994261305971,206.426762433938,14999997.2584839,1.63574572908175,17.618487070322,1053.71421962225,631.435733421379,212.209425841066
13,0.01625,1327.93862141015,132801.671051487,132810.070477618,-8.3994261305971,206.955233064466,14999997.0296944,1.63993340673582,17.5734971065224,1054.02563589305,631.584625903225,212.464276865195
14,0.0175,1327.93862141015,132801.671051487,132810.070477618,-8.3994261305971,207.482795202924,14999996.8008148,1.64411388554783,17.5288130776649,1054.3362081638,631.740251367464,212.732265975719
15,0.01875,1327.93862141015,132801.671051487,132810.070477618,-8.3994261305971,208.009480149427,14999996.5718384,1.64828741354343,17.4844294395274,1054.64595456086,631.902148230962,213.012695957597
16,0.02,1327.93862141015,132801.671051487,132810.070477618,-8.3994261305971,208.535317487136,14999996.3427588,1.65245422514294,17.4403408818592,1054.95489219468,632.069886418984,213.30490575225
17,0.02125,1327.93862141015,132801.671051487,132810.070477618,-8.3994261305971,209.060335180898,14999996.11357,1.65661454194298,17.3965423147621,1055.26303722057,632.243065222374,213.608268575175
18,0.0225,1327.93862141015,132801.671051487,132810.070477618,-8.3994261305971,209.584559670086,14999995.8842665,1.66076857345214,17.3530288559447,1055.57040489453,632.421311300131,213.922190132828
19,0.02375,1327.93862141015,132801.671051487,132810.070477618,-8.3994261305971,210.108015955985,14999995.6548427,1.66491651778348,17.309795818789,1055.87700962626,632.604276817495,214.246106933403
20,0.025,1327.93862141015,132801.671051487,132810.070477618,-8.3994261305971,210.63072768407,14999995.4252938,1.66905856230642,17.2668387011758,1056.18286502961,632.791637710375,214.579484686449
21,0.02625,1327.93862141015,132801.671051487,132810.070477618,-8.3994261305971,211.152717221451,14999995.1956149,1.67319488426051,17.224153175019,1056.48798396887,632.983092067542,214.921816786525
22,0.0275,1327.93862141015,132801.671051487,132810.070477618,-8.3994261305971,211.674005729811,14999994.9658016,1.67732565133336,17.1817350764604,1056.79237860318,633.178358622612,215.272622876387
23,0.02875,1327.93862141015,132801.671051487,132810.070477618,-8.3994261305971,212.194613234073,14999994.7358495,1.68145102220477,17.1395803966817,1057.09606042806,633.377175348362,215.631447485444
24,0.03,1327.93862141015,132801.671051487,132810.070477618,-8.3994261305971,212.714558687075,14999994.5057547,1.68557114705921,17.0976852732927,1057.39904031439,633.579298146465,215.997858739455
25,0.03125,1327.93862141015,132801.671051487,132810.070477618,-8.3994261305971,213.23386003048,14999994.2755134,1.68968616806848,17.0560459822579,1057.70132854548,633.78449962616,216.371447137665
26,0.0325,1327.93862141015,132801.671051487,132810.070477618,-8.3994261305971,213.752534252139,14999994.0451219,1.69379621984631,17.0146589303265,1058.00293485122,633.992567965835,216.7518243938
27,0.03375,1327.93862141015,132801.671051487,132810.070477618,-8.3994261305971,214.270597440136,14999993.814577,1.69790142987653,16.9735206479312,1058.30386844088,634.203305851916,217.138622337509
28,0.035,1327.93862141015,132801.671051487,132810.070477618,-8.3994261305971,214.788064833696,14999993.5838753,1.70200191891654,16.9326277825274,1058.60413803373,634.416529489799,217.531491873066
29,0.03625,1327.93862141015,132801.671051487,132810.070477618,-8.3994261305971,215.304950871141,14999993.3530138,1.7060978013773,16.8919770923425,1058.90375188802,634.632067681972,217.93010199229
30,0.0375,1327.93862141015,132801.671051487,132810.070477618,-8.3994261305971,215.821269235085,14999993.1219897,1.71018918568144,16.8515654405088,1059.20271782779,634.849760968748,218.334138838818
31,0.03875,1327.93862141015,132801.671051487,132810.070477618,-8.3994261305971,216.33703289501,14999992.8908002,1.71427617460066,16.8113897895564,1059.50104326857,635.06946082739,218.743304821029
32,0.04,1327.93862141015,132801.671051487,132810.070477618,-8.3994261305971,216.852254147394,14999992.6594429,1.71835886557371,16.7714471962406,1059.7987352415,635.291028925649,219.157317771052
33,0.04125,1327.93862141015,132801.671051487,132810.070477618,-8.3994261305971,217.366944653524,14999992.4279152,1.722437351006,16.7317348066849,1060.09580041606,635.514336426038,219.575910147425
34,0.0425,1327.93862141015,132801.671051487,132810.070477618,-8.3994261305971,217.881115475137,14999992.1962149,1.72651171855205,16.6922498518173,1060.39224512098,635.739263337409,219.998828279139
35,0.04375,1327.93862141015,132801.671051487,132810.070477618,-8.3994261305971,218.394777108012,14999991.9643398,1.73058205138167,16.6529896430813,1060.68807536447,635.965697910615,220.425831648863
36,0.045,1327.93862141015,132801.671051487,132810.070477618,-8.3994261305971,218.907939513635,14999991.7322878,1.73464842843086,16.6139515684057,1060.98329685355,636.19353607527,220.856692213323
37,0.04625,1327.93862141015,132801.671051487,132810.070477618,-8.3994261305971,219.420612149054,14999991.5000571,1.73871092463839,16.5751330884143,1061.27791501106,636.422680914831,221.291193758883
38,0.0475,1327.93862141015,132801.671051487,132810.070477618,-8.3994261305971,219.932803995016,14999991.2676456,1.7427696111688,16.5365317328624,1061.57193499293,636.653042177388,221.729131290484
39,0.04875,1327.93862141015,132801.671051487,132810.070477618,-8.3994261305971,220.444523582507,14999991.0350518,1.74682455562264,16.4981450972841,1061.86536170364,636.884535819755,222.170310452206
40,0.05,1327.93862141015,132801.671051487,132810.070477618,-8.3994261305971,220.955779017765,14999990.802274,1.75087582223473,16.4599708398381,1062.15819981135,637.117083582597,222.614546977805
41,0.05125,1327.93862141015,132801.671051487,132810.070477618,-8.3994261305971,221.466578005879,14999990.5693105,1.75492347206113,16.4220066783387,1062.45045376154,637.350612594477,223.061666169659
42,0.0525,1327.93862141015,132801.671051487,132810.070477618,-8.3994261305971,221.976927873032,14999990.33616,1.75896756315541,16.3842503874615,1062.7421277904,637.585055002886,223.511502404645
43,0.05375,1327.93862141015,132801.671051487,132810.070477618,-8.3994261305971,222.486835587488,14999990.1028209,1.76300815073494,16.3466997961112,1063.03322593723,637.820347630399,223.963898665551
44,0.055,1327.93862141015,132801.671051487,132810.070477618,-8.3994261305971,222.99630777938,14999989.869292,1.76704528733771,16.3093527849428,1063.32375205571,638.056431654269,224.418706096693
45,0.05625,1327.93862141015,132801.671051487,132810.070477618,-8.3994261305971,223.505350759375,14999989.6355721,1.77107902297024,16.2722072840256,1063.61370982539,638.293252307855,224.875783582479
46,0.0575,1327.93862141015,132801.671051487,132810.070477618,-8.3994261305971,224.013970536288,14999989.4016598,1.7751094052471,16.2352612706424,1063.90310276176,638.530758602416,225.334997347735
47,0.05875,1327.93862141015,132801.671051487,132810.070477618,-8.3994261305971,224.522172833686,14999989.1675542,1.77913647952258,16.1985127672132,1064.19193422593,638.768903067874,225.796220578657
48,0.06,1327.93862141015,132801.671051487,132810.070477618,-8.3994261305971,225.029963105567,14999988.9332541,1.78316028901481,16.1619598393388,1064.48020743398,639.007641511266,226.259333063332
49,0.06125,1327.93862141015,132801.671051487,132810.070477618,-8.3994261305971,225.53734655114,14999988.6987584,1.787180874923,16.1256005939538,1064.76792546543,639.246932791683,226.724220850799
50,0.0625,1327.93862141015,132801.671051487,132810.070477618,-8.3994261305971,226.044328128778,14999988.4640663,1.79119827653792,16.0894331775844,1065.05509127138,639.486738610565,227.190775927705
51,0.06375,1327.93862141015,132801.671051487,132810.070477618,-8.3994261305971,226.550912569183,14999988.2291768,1.79521253134625,16.0534557747039,1065.34170768243,639.727023316327,227.658895911641
52,0.065,1327.93862141015,132801.671051487,132810.070477618,-8.3994261305971,227.057104387808,14999987.994089,1.79922367512901,16.0176666061794,1065.62777741536,639.967753722324,228.128483760287
53,0.06625,1327.93862141015,132801.671051487,132810.070477618,-8.3994261305971,227.562907896582,14999987.7588022,1.80323174205448,15.9820639278046,1065.91330308058,640.20889893726,228.599447495567
54,0.0675,1327.93862141015,132801.671051487,132810.070477618,-8.3994261305971,228.068327214974,14999987.5233155,1.80723676476587,15.9466460289141,1066.19828718778,640.450430207185,229.071699942021
55,0.06875,1327.93862141015,132801.671051487,132810.070477618,-8.3994261305971,228.573366280437,14999987.2876282,1.81123877446407,15.9114112310723,1066.48273215261,640.692320768299,229.545158478672
56,0.07,1327.93862141015,132801.671051487,132810.070477618,-8.3994261305971,229.078028858268,14999987.0517395,1.81523780098577,15.8763578868349,1066.76664030197,640.934545709825,230.019744803685
57,0.07125,1327.93862141015,132801.671051487,132810.070477618,-8.3994261305971,229.58231855091,14999986.8156489,1.81923387287721,15.8414843785763,1067.05001387943,641.177081846267,230.495384711158
58,0.0725,1327.93862141015,132801.671051487,132810.070477618,-8.3994261305971,230.08623880674,14999986.5793556,1.82322701746378,15.8067891173809,1067.33285505018,641.419907598404,230.972007879425
59,0.07375,1327.93862141015,132801.671051487,132810.070477618,-8.3994261305971,230.589792928361,14999986.3428591,1.82721726091575,15.7722705419922,1067.61516590604,641.663002882447,231.449547670269
60,0.075,1327.93862141015,132801.671051487,132810.070477618,-8.3994261305971,231.092984080436,14999986.1061587,1.83120462831032,15.7379271178193,1067.89694846964,641.906349006776,231.927940938494
61,0.07625,1327.93862141015,132801.671051487,132810.070477618,-8.3994261305971,231.595815297077,14999985.869254,1.83518914369021,15.7037573359938,1068.17820469845,642.149928575764,232.407127851302
62,0.0775,1327.93862141015,132801.671051487,132810.070477618,-8.3994261305971,232.09828948883,14999985.6321445,1.83917083011897,15.669759712477,1068.45893648929,642.393725400187,232.887051717
63,0.07875,1327.93862141015,132801.671051487,132810.070477618,-8.3994261305971,232.600409449268,14999985.3948295,1.84314970973327,15.6359327872134,1068.73914568155,642.637724413784,233.367658822522
64,0.08,1327.93862141015,132801.671051487,132810.070477618,-8.3994261305971,233.102177861216,14999985.1573087,1.84712580379216,15.6022751233267,1069.01883406096,642.881911595538,233.848898279338
65,0.08125,1327.93862141015,132801.671051487,132810.070477618,-8.3994261305971,233.603597302633,14999984.9195815,1.85109913272375,15.5687853063579,1069.29800336251,643.126273897292,234.330721877308
66,0.0825,1327.93862141015,132801.671051487,132810.070477618,-8.3994261305971,234.104670252165,14999984.6816477,1.85506971616917,15.5354619435408,1069.57665527418,643.370799176344,234.81308394607
67,0.08375,1327.93862141015,132801.671051487,132810.070477618,-8.3994261305971,234.605399094393,14999984.4435067,1.85903757302418,15.502303663115,1069.85479143916,643.615476132657,235.295941223579
68,0.085,1327.93862141015,132801.671051487,132810.070477618,-8.3994261305971,235.105786124788,14999984.2051581,1.86300272147841,15.4693091136718,1070.13241345928,643.860294250399,235.779252731421
69,0.08625,1327.93862141015,132801.671051487,132810.070477618,-8.3994261305971,235.60583355439,14999983.9666017,1.86696517905246,15.4364769635328,1070.40952289685,644.105243743496,236.262979656566
70,0.0875,1327.93862141015,132801.671051487,132810.070477618,-8.3994261305971,236.105543514238,14999983.727837,1.87092496263297,15.4038059001594,1070.68612127775,644.350315504928,236.747085239216
71,0.0887500000000001,1327.93862141015,132801.671051487,132810.070477618,-8.3994261305971,236.604918059541,14999983.4888637,1.87488208850571,15.3712946295894,1070.96221009344,644.595501059525,237.231534666437
72,0.0900000000000001,1327.93862141015,132801.671051487,132810.070477618,-8.3994261305971,237.10395917363,14999983.2496815,1.87883657238691,15.3389418759017,1071.23779080293,644.840792519998,237.716294971286
73,0.0912500000000001,1327.93862141015,132801.671051487,132810.070477618,-8.3994261305971,237.602668771692,14999983.0102901,1.88278842945275,15.3067463807061,1071.51286483518,645.086182546015,238.201334937136
74,0.0925000000000001,1327.93862141015,132801.671051487,132810.070477618,-8.3994261305971,238.101048704288,14999982.7706891,1.88673767436738,15.2747069026564,1071.78743359092,645.331664306086,238.686625006944
75,0.0937500000000001,1327.93862141015,132801.671051487,132810.070477618,-8.3994261305971,238.599100760693,14999982.5308784,1.89068432130926,15.2428222169867,1072.06149844394,645.577231442079,239.1721371972
76,0.0950000000000001,1327.93862141015,132801.671051487,132810.070477618,-8.3994261305971,239.096826672041,14999982.2908576,1.89462838399615,15.2110911150689,1072.3350607436,645.82287803619,239.657845016319
77,0.0962500000000001,1327.93862141015,132801.671051487,132810.070477618,-8.3994261305971,239.5942281143,14999982.0506264,1.89856987570868,15.1795124039898,1072.60812181583,646.068598580184,240.143723387244
78,0.0975000000000001,1327.93862141015,132801.671051487,132810.070477618,-8.3994261305971,240.091306711089,14999981.8101847,1.90250880931265,15.1480849061473,1072.8806829647,646.314387946765,240.629748574049
79,0.0987500000000001,1327.93862141015,132801.671051487,132810.070477618,-8.3994261305971,240.588064036334,14999981.5695322,1.90644519728009,15.1168074588651,1073.15274547412,646.56024136293,241.115898112331
80,0.1,1327.93862141015,132801.671051487,132810.070477618,-8.3994261305971,241.084501616785,14999981.3286687,1.91037905170919,15.0856789140233,1073.42431060879,646.80615438515,241.602150743201
81,0.10125,1327.93862141015,132801.671051487,132810.070477618,-8.3994261305971,241.580620934391,14999981.087594,1.91431038434315,15.0546981377055,1073.69537961558,647.052122876287,242.088486350677
82,0.1025,1327.93862141015,132801.671051487,132810.070477618,-8.3994261305971,242.076423428547,14999980.8463078,1.91823920658796,15.023864009861,1073.9659537248,647.298142984093,242.57488590232
83,0.10375,1327.93862141015,132801.671051487,132810.070477618,-8.3994261305971,242.57191049822,14999980.6048099,1.92216552952925,14.9931754239809,1074.23603415118,647.544211121206,243.061331392937
84,0.105,1327.93862141015,132801.671051487,132810.070477618,-8.3994261305971,243.067083503957,14999980.3631003,1.92608936394821,14.962631286788,1074.50562209485,647.790323946533,243.547805791191
85,0.10625,1327.93862141015,132801.671051487,132810.070477618,-8.3994261305971,243.561943769788,14999980.1211786,1.93001072033666,14.9322305179394,1074.77471874233,648.036478347919,244.034292988972
86,0.1075,1327.93862141015,132801.671051487,132810.070477618,-8.3994261305971,244.056492585017,14999979.8790447,1.93392960891126,14.9019720497405,1075.04332526788,648.282671426026,244.520777753389
87,0.10875,1327.93862141015,132801.671051487,132810.070477618,-8.3994261305971,244.55073120593,14999979.6366985,1.93784603962701,14.8718548268717,1075.31144283322,648.528900479321,245.007245681243
88,0.11,1327.93862141015,132801.671051487,132810.070477618,-8.3994261305971,245.044660857396,14999979.3941398,1.94176002218998,14.8418778061245,1075.5790725897,648.775162990118,245.493683155854
89,0.11125,1327.93862141015,132801.671051487,132810.070477618,-8.3994261305971,245.538282734391,14999979.1513685,1.94567156606935,14.8120399561485,1075.84621567822,649.021456611582,245.980077306126
90,0.1125,1327.93862141015,132801.671051487,132810.070477618,-8.3994261305971,246.031598003434,14999978.9083843,1.94958068050881,14.7823402572085,1076.1128732298,649.267779155644,246.466415967726
91,0.11375,1327.93862141015,132801.671051487,132810.070477618,-8.3994261305971,246.524607803953,14999978.6651871,1.95348737453737,14.7527777009494,1076.37904636713,649.514128581752,246.952687646276
92,0.115,1327.93862141015,132801.671051487,132810.070477618,-8.3994261305971,247.017313249567,14999978.4217769,1.95739165697955,14.7233512901717,1076.6447362042,649.76050298641,247.438881482449
93,0.11625,1327.93862141015,132801.671051487,132810.070477618,-8.3994261305971,247.509715429311,14999978.1781535,1.96129353646503,14.6940600386133,1076.90994384729,650.006900593442,247.924987218874
94,0.1175,1327.93862141015,132801.671051487,132810.070477618,-8.3994261305971,248.001815408783,14999977.9343167,1.96519302143779,14.6649029707403,1077.17467039578,650.253319744941,248.410995168755
95,0.11875,1327.93862141015,132801.671051487,132810.070477618,-8.3994261305971,248.493614231241,14999977.6902665,1.9690901201648,14.6358791215454,1077.43891694218,650.499758892844,248.896896186117
96,0.12,1327.93862141015,132801.671051487,132810.070477618,-8.3994261305971,248.985112918633,14999977.4460026,1.97298484074412,14.6069875363522,1077.70268457282,650.746216591102,249.382681637592
97,0.12125,1327.93862141015,132801.671051487,132810.070477618,-8.3994261305971,249.476312472575,14999977.2015251,1.97687719111276,14.5782272706274,1077.96597436846,650.992691488393,249.868343375669
98,0.1225,1327.93862141015,132801.671051487,132810.070477618,-8.3994261305971,249.967213875279,14999976.9568338,1.98076717905392,14.5495973897984,1078.22878740437,651.23918232135,250.353873713332
99,0.12375,1327.93862141015,132801.671051487,132810.070477618,-8.3994261305971,250.457818090426,14999976.7119286,1.98465481220399,14.5210969690779,1078.49112475105,651.485687908254,250.839265400011
100,0.125,1327.93862141015,132801.671051487,132810.070477618,-8.3994261305971,250.948126064002,14999976.4668093,1.98854009805912,14.4927250932933,1078.75298747426,651.732207143184,251.324511598787
101,0.12625,1327.93862141015,132801.671051487,132810.070477618,-8.3994261305971,251.438138725076,14999976.221476,1.99242304398142,14.4644808567221,1079.01437663566,651.978738990566,251.80960586477
102,0.1275,1327.93862141015,132801.671051487,132810.070477618,-8.3994261305971,251.92785698655,14999975.9759284,1.99630365720489,14.4363633629327,1079.27529329301,652.225282480107,252.294542124611
103,0.12875,1327.93862141015,132801.671051487,132810.070477618,-8.3994261305971,252.417281745864,14999975.7301666,2.000181944841,14.4083717246294,1079.53573850038,652.471836702093,252.779314657065
104,0.13,1327.93862141015,132801.671051487,132810.070477618,-8.3994261305971,252.906413885659,14999975.4841904,2.00405791388397,14.3805050635028,1079.79571330859,652.718400803004,253.26391807458
105,0.13125,1327.93862141015,132801.671051487,132810.070477618,-8.3994261305971,253.395254274417,14999975.2379997,2.00793157121579,14.3527625100846,1080.05521876535,652.964973981457,253.748347305826
106,0.1325,1327.93862141015,132801.671051487,132810.070477618,-8.3994261305971,253.883803767053,14999974.9915944,2.01180292361098,14.3251432036064,1080.31425591564,653.211555484415,254.232597579145
107,0.13375,1327.93862141015,132801.671051487,132810.070477618,-8.3994261305971,254.372063205488,14999974.7449746,2.01567197774107,14.2976462918628,1080.57282580147,653.45814460368,254.716664406851
108,0.135,1327.93862141015,132801.671051487,132810.070477618,-8.3994261305971,254.860033419186,14999974.49814,2.01953874017888,14.2702709310783,1080.83092946307,653.704740672625,255.200543570359
109,0.13625,1327.93862141015,132801.671051487,132810.070477618,-8.3994261305971,255.347715225663,14999974.2510906,2.02340321740258,14.2430162857783,1081.08856793792,653.95134306316,255.684231106073
110,0.1375,1327.93862141015,132801.671051487,132810.070477618,-8.3994261305971,255.835109430974,14999974.0038264,2.02726541579948,14.215881528663,1081.34574226169,654.197951182917,256.167723292023
111,0.13875,1327.93862141015,132801.671051487,132810.070477618,-8.3994261305971,256.322216830168,14999973.7563473,2.03112534166971,14.1888658404852,1081.60245346821,654.444564472624,256.651016635187
112,0.14,1327.93862141015,132801.671051487,132810.070477618,-8.3994261305971,256.809038207724,14999973.5086532,2.03498300122962,14.1619684099314,1081.85870258954,654.691182403682,257.134107859479
113,0.14125,1327.93862141015,132801.671051487,132810.070477618,-8.3994261305971,257.295574337965,14999973.260744,2.03883840061511,14.1351884335054,1082.11449065618,654.937804475897,257.616993894358
114,0.1425,1327.93862141015,132801.671051487,132810.070477618,-8.3994261305971,257.781825985447,14999973.0126197,2.04269154588465,14.1085251154159,1082.36981869722,655.184430215386,258.09967186404
115,0.14375,1327.93862141015,132801.671051487,132810.070477618,-8.3994261305971,258.267793905332,14999972.7642802,2.0465424430223,14.0819776674659,1082.62468774065,655.43105917263,258.58213907726
116,0.145,1327.93862141015,132801.671051487,132810.070477618,-8.3994261305971,258.75347884374,14999972.5157255,2.05039109794046,14.0555453089458,1082.87909881273,655.677690920661,259.064393017577
117,0.14625,1327.93862141015,132801.671051487,132810.070477618,-8.3994261305971,259.238881538081,14999972.2669554,2.0542375164825,14.0292272665281,1083.13305293923,655.924325053384,259.546431334183
118,0.1475,1327.93862141015,132801.671051487,132810.070477618,-8.3994261305971,259.724002717374,14999972.01797,2.05808170442532,14.0030227741656,1083.38655114455,656.170961184021,260.02825183319
119,0.14875,1327.93862141015,132801.671051487,132810.070477618,-8.3994261305971,260.208843102549,14999971.7687692,2.0619236674817,13.9769310729913,1083.63959445227,656.417598943658,260.509852469369
120,0.15,1327.93862141015,132801.671051487,132810.070477618,-8.3994261305971,260.69340340673,14999971.519353,2.06576341130259,13.9509514112213,1083.89218388525,656.664237979906,260.991231338331
121,0.15125,1327.93862141015,132801.671051487,132810.070477618,-8.3994261305971,261.177684335511,14999971.2697212,2.06960094147925,13.925083044059,1084.1443204654,656.910877955657,261.472386669102
122,0.1525,1327.93862141015,132801.671051487,132810.070477618,-8.3994261305971,261.661686587208,14999971.0198738,2.07343626354527,13.8993252336025,1084.39600521417,657.15751854792,261.9533168171
123,0.15375,1327.93862141015,132801.671051487,132810.070477618,-8.3994261305971,262.145410853109,14999970.7698108,2.07726938297857,13.8736772487531,1084.64723915215,657.404159446758,262.434020257466
124,0.155,1327.93862141015,132801.671051487,132810.070477618,-8.3994261305971,262.628857817707,14999970.5195321,2.0811003052032,13.8481383651267,1084.89802329956,657.650800354288,262.914495578756
125,0.15625,1327.93862141015,132801.671051487,132810.070477618,-8.3994261305971,263.112028158916,14999970.2690377,2.08492903559109,13.8227078649662,1085.14835867584,657.897440983759,263.394741476952
126,0.1575,1327.93862141015,132801.671051487,132810.070477618,-8.3994261305971,263.594922548289,14999970.0183276,2.08875557946375,13.7973850370564,1085.39824630031,658.144081058698,263.874756749793
127,0.15875,1327.93862141015,132801.671051487,132810.070477618,-8.3994261305971,264.07754165121,14999969.7674016,2.09257994209385,13.7721691766406,1085.64768719149,658.390720312118,264.354540291399
128,0.16,1327.93862141015,132801.671051487,132810.070477618,-8.3994261305971,264.559886127093,14999969.5162598,2.09640212870669,13.7470595853385,1085.89668236768,658.637358485781,264.834091087178
129,0.16125,1327.93862141015,132801.671051487,132810.070477618,-8.3994261305971,265.041956629556,14999969.2649021,2.10022214448168,13.7220555710661,1086.14523284687,658.883995329518,265.313408209
130,0.1625,1327.93862141015,132801.671051487,132810.070477618,-8.3994261305971,265.523753806596,14999969.0133284,2.1040399945537,13.6971564479573,1086.39333964652,659.130630600602,265.792490810617
131,0.16375,1327.93862141015,132801.671051487,132810.070477618,-8.3994261305971,266.005278300755,14999968.7615388,2.10785568401438,13.6723615362866,1086.64100378394,659.377264063157,266.271338123332
132,0.165,1327.93862141015,132801.671051487,132810.070477618,-8.3994261305971,266.486530749274,14999968.5095331,2.11166921791334,13.6476701623937,1086.88822627598,659.623895487621,266.749949451886
133,0.16625,1327.93862141015,132801.671051487,132810.070477618,-8.3994261305971,266.967511784242,14999968.2573114,2.11548060125939,13.6230816586096,1087.13500813922,659.870524650245,267.228324170561
134,0.1675,1327.93862141015,132801.671051487,132810.070477618,-8.3994261305971,267.448222032738,14999968.0048736,2.11928983902164,13.5985953631833,1087.38135039013,660.117151332631,267.70646171949
135,0.16875,1327.93862141015,132801.671051487,132810.070477618,-8.3994261305971,267.928662116966,14999967.7522197,2.12309693613058,13.5742106202111,1087.62725404481,660.363775321296,268.184361601156
136,0.17,1327.93862141015,132801.671051487,132810.070477618,-8.3994261305971,268.408832654386,14999967.4993496,2.12690189747906,13.549926779566,1087.87272011907,660.610396407283,268.662023377072
137,0.17125,1327.93862141015,132801.671051487,132810.070477618,-8.3994261305971,268.888734257833,14999967.2462633,2.13070472792334,13.5257431968293,1088.11774962852,660.85701438579,269.139446664636
138,0.1725,1327.93862141015,132801.671051487,132810.070477618,-8.3994261305971,269.368367535638,14999966.9929608,2.13450543228396,13.5016592332229,1088.36234358855,661.10362905583,269.616631134144
139,0.17375,1327.93862141015,132801.671051487,132810.070477618,-8.3994261305971,269.847733091736,14999966.739442,2.13830401534663,13.4776742555429,1088.60650301424,661.350240219918,270.093576505962
140,0.175,1327.93862141015,132801.671051487,132810.070477618,-8.3994261305971,270.326831525777,14999966.4857069,2.1421004818631,13.4537876360942,1088.85022892053,661.596847683782,270.570282547844
141,0.17625,1327.93862141015,132801.671051487,132810.070477618,-8.3994261305971,270.805663433223,14999966.2317554,2.14589483655196,13.4299987526268,1089.09352232209,661.843451256091,271.04674907238
142,0.1775,1327.93862141015,132801.671051487,132810.070477618,-8.3994261305971,271.284229405452,14999965.9775876,2.1496870840994,13.4063069882727,1089.33638423324,662.090050748214,271.522975934581
143,0.17875,1327.93862141015,132801.671051487,132810.070477618,-8.3994261305971,271.762530029843,14999965.7232034,2.15347722915994,13.3827117314835,1089.5788156682,662.336645973984,271.998963029582
144,0.18,1327.93862141015,132801.671051487,132810.070477618,-8.3994261305971,272.240565889872,14999965.4686028,2.15726527635718,13.35921237597,1089.82081764082,662.583236749493,272.474710290467
145,0.18125,1327.93862141015,132801.671051487,132810.070477618,-8.3994261305971,272.718337565193,14999965.2137858,2.16105123028441,13.3358083206424,1090.06239116489,662.829822892893,272.95021768619
146,0.1825,1327.93862141015,132801.671051487,132810.070477618,-8.3994261305971,273.195845631718,14999964.9587522,2.1648350955053,13.3124989695506,1090.30353725359,663.076404224219,273.425485219613
147,0.18375,1327.93862141015,132801.671051487,132810.070477618,-8.3994261305971,273.6730906617,14999964.7035021,2.16861687655451,13.289283731827,1090.54425692017,663.322980565221,273.900512925632
148,0.185,1327.93862141015,132801.671051487,132810.070477618,-8.3994261305971,274.150073223804,14999964.4480355,2.17239657793825,13.266162021629,1090.78455117738,663.569551739215,274.375300869391
149,0.18625,1327.93862141015,132801.671051487,132810.070477618,-8.3994261305971,274.626793883175,14999964.1923524,2.17617420413488,13.2431332580831,1091.02442103766,663.816117570939,274.849849144588
150,0.1875,1327.93862141015,132801.671051487,132810.070477618,-8.3994261305971,275.103253201514,14999963.9364526,2.17994975959543,13.2201968652295,1091.26386751335,664.062677886423,275.324157871851
151,0.18875,1327.93862141015,132801.671051487,132810.070477618,-8.3994261305971,275.579451737136,14999963.6803363,2.18372324874411,13.1973522719675,1091.50289161625,664.309232512874,275.798227197201
152,0.19,1327.93862141015,132801.671051487,132810.070477618,-8.3994261305971,276.055390045036,14999963.4240033,2.18749467597883,13.1745989120022,1091.74149435788,664.555781278559,276.272057290567
153,0.19125,1327.93862141015,132801.671051487,132810.070477618,-8.3994261305971,276.531068676947,14999963.1674536,2.19126404567165,13.1519362237916,1091.97967674943,664.80232401271,276.745648344378
154,0.1925,1327.93862141015,132801.671051487,132810.070477618,-8.3994261305971,277.0064881814,14999962.9106873,2.19503136216925,13.1293636504949,1092.21743980162,665.048860545429,277.219000572206
155,0.19375,1327.93862141015,132801.671051487,132810.070477618,-8.3994261305971,277.481649103775,14999962.6537042,2.19879662979335,13.1068806399207,1092.45478452505,665.295390707601,277.692114207469
156,0.195,1327.93862141015,132801.671051487,132810.070477618,-8.3994261305971,277.956551986356,14999962.3965045,2.20255985284113,13.0844866444771,1092.69171192953,665.541914330814,278.164989502179
157,0.19625,1327.93862141015,132801.671051487,132810.070477618,-8.3994261305971,278.431197368383,14999962.1390879,2.20632103558564,13.062181121122,1092.9282230248,665.788431247293,278.637626725737
158,0.1975,1327.93862141015,132801.671051487,132810.070477618,-8.3994261305971,278.905585786094,14999961.8814546,2.21008018227618,13.039963531314,1093.16431882,666.034941289824,279.110026163766
159,0.19875,1327.93862141015,132801.671051487,132810.070477618,-8.3994261305971,279.379717772777,14999961.6236045,2.21383729713862,13.0178333409642,1093.40000032371,666.2814442917,279.582188116985
160,0.2,1327.93862141015,132801.671051487,132810.070477618,-8.3994261305971,279.853593858813,14999961.3655376,2.21759238437584,12.9957900203886,1093.63526854434,666.527940086659,280.054112900108
161,0.20125,1327.93862141015,132801.671051487,132810.070477618,-8.3994261305971,280.327214571714,14999961.1072538,2.22134544816796,12.9738330442615,1093.87012448952,666.774428508839,280.525800840776
162,0.2025,1327.93862141015,132801.671051487,132810.070477618,-8.3994261305971,280.800580436169,14999960.8487532,2.22509649267273,12.9519618915691,1094.1045691664,667.020909392721,280.997252278507
163,0.20375,1327.93862141015,132801.671051487,132810.070477618,-8.3994261305971,281.273691974078,14999960.5900357,2.22884552202582,12.9301760455642,1094.33860358185,667.267382573092,281.468467563669
164,0.205,1327.93862141015,132801.671051487,132810.070477618,-8.3994261305971,281.746549704589,14999960.3311013,2.23259254034108,12.9084749937212,1094.57222874181,667.513847885,281.93944705646
165,0.20625,1327.93862141015,132801.671051487,132810.070477618,-8.3994261305971,282.219154144135,14999960.0719501,2.23633755171084,12.8868582276919,1094.80544565204,667.760305163721,282.4101911259
166,0.2075,1327.93862141015,132801.671051487,132810.070477618,-8.3994261305971,282.691505806464,14999959.8125818,2.24008056020616,12.8653252432622,1095.03825531744,668.006754244717,282.880700148829
167,0.20875,1327.93862141015,132801.671051487,132810.070477618,-8.3994261305971,283.163605202674,14999959.5529967,2.24382156987711,12.8438755403085,1095.27065874234,668.253194963611,283.3509745089
168,0.21,1327.93862141015,132801.671051487,132810.070477618,-8.3994261305971,283.635452841237,14999959.2931945,2.24756058475294,12.8225086227561,1095.50265693041,668.49962715615,283.821014595566
169,0.21125,1327.93862141015,132801.671051487,132810.070477618,-8.3994261305971,284.107049228033,14999959.0331754,2.25129760884235,12.8012239985368,1095.73425088499,668.746050658186,284.290820803057
170,0.2125,1327.93862141015,132801.671051487,132810.070477618,-8.3994261305971,284.57839486637,14999958.7729393,2.25503264613369,12.7800211795482,1095.96544160822,668.992465305638,284.760393529336
171,0.21375,1327.93862141015,132801.671051487,132810.070477618,-8.3994261305971,285.049490257011,14999958.5124862,2.25876570059512,12.7588996816129,1096.19623010193,669.238870934478,285.229733175029
172,0.215,1327.93862141015,132801.671051487,132810.070477618,-8.3994261305971,285.520335898199,14999958.2518161,2.26249677617483,12.7378590244383,1096.42661736713,669.485267380702,285.698840142334
173,0.21625,1327.93862141015,132801.671051487,132810.070477618,-8.3994261305971,285.99093228567,14999957.9909289,2.26622587680117,12.7168987315776,1096.65660440391,669.73165448031,286.167714833875
174,0.2175,1327.93862141015,132801.671051487,132810.070477618,-8.3994261305971,286.461279912681,14999957.7298247,2.26995300638281,12.6960183303905,1096.88619221195,669.978032069286,286.636357651528
175,0.21875,1327.93862141015,132801.671051487,132810.070477618,-8.3994261305971,286.931379270018,14999957.4685034,2.27367816880887,12.6752173520051,1097.11538178976,670.224399983574,287.104768995176
176,0.22,1327.93862141015,132801.671051487,132810.070477618,-8.3994261305971,287.401230846018,14999957.206965,2.27740136794903,12.6544953312798,1097.34417413528,670.470758059064,287.57294926141
177,0.22125,1327.93862141015,132801.671051487,132810.070477618,-8.3994261305971,287.870835126574,14999956.9452095,2.28112260765366,12.6338518067666,1097.5725702456,670.717106131569,288.040898842157
178,0.2225,1327.93862141015,132801.671051487,132810.070477618,-8.3994261305971,288.340192595154,14999956.683237,2.28484189175383,12.6132863206739,1097.80057111687,670.963444036811,288.508618123211
179,0.22375,1327.93862141015,132801.671051487,132810.070477618,-8.3994261305971,288.809303732799,14999956.4210472,2.28855922406148,12.5927984188305,1098.0281777442,671.209771610398,288.976107482679
180,0.225,1327.93862141015,132801.671051487,132810.070477618,-8.3994261305971,289.278169018137,14999956.1586404,2.29227460836934,12.57238765065,1098.25539112214,671.456088687812,289.443367289304
181,0.22625,1327.93862141015,132801.671051487,132810.070477618,-8.3994261305971,289.746788927382,14999955.8960164,2.29598804845106,12.5520535690957,1098.48221224409,671.702395104388,289.910397900664
182,0.2275,1327.93862141015,132801.671051487,132810.070477618,-8.3994261305971,290.215163934332,14999955.6331753,2.29969954806113,12.5317957306461,1098.70864210244,671.948690695298,290.377199661224
183,0.22875,1327.93862141015,132801.671051487,132810.070477618,-8.3994261305971,290.683294510371,14999955.370117,2.30340911093491,12.5116136952606,1098.93468168869,672.194975295531,290.843772900214
184,0.23,1327.93862141015,132801.671051487,132810.070477618,-8.3994261305971,291.151181124456,14999955.1068415,2.30711674078855,12.4915070263462,1099.16033199314,672.441248739881,291.310117929324
185,0.23125,1327.93862141015,132801.671051487,132810.070477618,-8.3994261305971,291.618824243114,14999954.8433489,2.31082244131891,12.4714752907248,1099.38559400527,672.687510862923,291.776235040165
186,0.2325,1327.93862141015,132801.671051487,132810.070477618,-8.3994261305971,292.086224330423,14999954.579639,2.31452621620346,12.4515180586003,1099.61046871319,672.933761499,292.242124501487
187,0.23375,1327.93862141015,132801.671051487,132810.070477618,-8.3994261305971,292.553381847994,14999954.315712,2.31822806910012,12.4316349035271,1099.83495710418,673.1800004822,292.707786556095
188,0.235,1327.93862141015,132801.671051487,132810.070477618,-8.3994261305971,293.020297254952,14999954.0515677,2.32192800364712,12.4118254023785,1100.05906016395,673.426227646342,293.173221417427
189,0.23625,1327.93862141015,132801.671051487,132810.070477618,-8.3994261305971,293.486971007901,14999953.7872062,2.32562602346271,12.3920891353163,1100.28277887756,673.672442824952,293.638429265731
190,0.2375,1327.93862141015,132801.671051487,132810.070477618,-8.3994261305971,293.953403560899,14999953.5226275,2.32932213214495,12.3724256857608,1100.50611422815,673.91864585125,294.103410243774
191,0.23875,1327.93862141015,132801.671051487,132810.070477618,-8.3994261305971,294.419595365407,14999953.2578315,2.33301633327134,12.3528346403606,1100.72906719829,674.164836558121,294.568164451991
192,0.24,1327.93862141015,132801.671051487,132810.070477618,-8.3994261305971,294.885546870252,14999952.9928183,2.33670863039849,12.3333155889644,1100.95163876844,674.411014778105,295.032691942968
193,0.24125,1327.93862141015,132801.671051487,132810.070477618,-8.3994261305971,295.351258521561,14999952.7275879,2.34039902706163,12.3138681245924,1101.17382991835,674.657180343366,295.496992715105
194,0.2425,1327.93862141015,132801.671051487,132810.070477618,-8.3994261305971,295.8167307627,14999952.4621402,2.34408752677412,12.294491843409,1101.39564162591,674.903333085681,295.96106670528
195,0.24375,1327.93862141015,132801.671051487,132810.070477618,-8.3994261305971,296.2819640342,14999952.1964752,2.34777413302681,12.275186344696,1101.61707486766,675.149472836411,296.424913780252
196,0.245,1327.93862141015,132801.671051487,132810.070477618,-8.3994261305971,296.746958773659,14999951.930593,2.35145884928737,12.2559512308264,1101.83813061852,675.395599426483,296.888533726433
197,0.24625,1327.93862141015,132801.671051487,132810.070477618,-8.3994261305971,297.211715415646,14999951.6644935,2.35514167899942,12.2367861072397,1102.05880985187,675.641712686371,297.351926237541
198,0.2475,1327.93862141015,132801.671051487,132810.070477618,-8.3994261305971,297.67623439157,14999951.3981768,2.35882262558157,12.2176905824175,1102.2791135392,675.88781244607,297.815090899334
199,0.24875,1327.93862141015,132801.671051487,132810.070477618,-8.3994261305971,298.140516129539,14999951.1316427,2.36250169242624,12.198664267861,1102.49904265014,676.13389853508,298.278027170269
200,0.25,1327.93862141015,132801.671051487,132810.070477618,-8.3994261305971,298.604561054179,14999950.8648914,2.36617888289831,12.1797067780694,1102.71859815274,676.379970782385,298.740734356263
201,0.25125,1327.93862141015,132801.671051487,132810.070477618,-8.3994261305971,299.068369586427,14999950.5979228,2.36985420033336,12.16081773052,1102.93778101246,676.626029016434,299.203211577345
202,0.2525,1327.93862141015,132801.671051487,132810.070477618,-8.3994261305971,299.531942143261,14999950.3307369,2.37352764803566,12.1419967456508,1103.15659219312,676.872073065126,299.665457734864
203,0.25375,1327.93862141015,132801.671051487,132810.070477618,-8.3994261305971,299.995279137393,14999950.0633338,2.37719922927564,12.1232434468451,1103.37503265546,677.118102755795,300.127470918288
204,0.255,1327.93862141015,132801.671051487,132810.070477618,-8.3994261305971,300.458380976057,14999949.7957133,2.38086894728034,12.1045574604522,1103.59310335757,677.364117915203,300.589248783794
205,0.25625,1327.93862141015,132801.671051487,132810.070477618,-8.3994261305971,300.921248060376,14999949.5278756,2.38453680522836,12.0859384157844,1103.81080525436,677.610118369535,301.050789787023
206,0.2575,1327.93862141015,132801.671051487,132810.070477618,-8.3994261305971,301.383880786596,14999949.2598206,2.38820280625965,12.0673859450393,1104.02813929849,677.856103944405,301.512092762241
207,0.25875,1327.93862141015,132801.671051487,132810.070477618,-8.3994261305971,301.846279546674,14999948.9915483,2.39186695348021,12.0488996832489,1104.24510644009,678.102074464864,301.973156799804
208,0.26,1327.93862141015,132801.671051487,132810.070477618,-8.3994261305971,302.308444728688,14999948.7230588,2.39552924996526,12.0304792682365,1104.46170762751,678.348029755408,302.433981183371
209,0.26125,1327.93862141015,132801.671051487,132810.070477618,-8.3994261305971,302.770376717144,14999948.454352,2.39918969876173,12.0121243405786,1104.67794380693,678.593969639992,302.89456535062
210,0.2625,1327.93862141015,132801.671051487,132810.070477618,-8.3994261305971,303.232075893226,14999948.185428,2.40284830289024,11.9938345435691,1104.89381592277,678.839893942046,303.354908865904
211,0.26375,1327.93862141015,132801.671051487,132810.070477618,-8.3994261305971,303.693542635005,14999947.9162867,2.40650506534671,11.9756095231859,1105.10932491739,679.08580248448,303.815011399896
212,0.265,1327.93862141015,132801.671051487,132810.070477618,-8.3994261305971,304.154777317613,14999947.6469281,2.41015998910381,11.9574489280595,1105.32447173162,679.331695089705,304.274872713757
213,0.26625,1327.93862141015,132801.671051487,132810.070477618,-8.3994261305971,304.615780313395,14999947.3773524,2.4138130771121,11.9393524094421,1105.5392573046,679.577571579646,304.734492646393
214,0.2675,1327.93862141015,132801.671051487,132810.070477618,-8.3994261305971,305.076551992044,14999947.1075594,2.41746433230113,11.9213196211787,1105.75368257373,679.823431775748,305.193871103972
215,0.26875,1327.93862141015,132801.671051487,132810.070477618,-8.3994261305971,305.537092720713,14999946.8375492,2.42111375758032,11.9033502196788,1105.96774847482,680.069275498993,305.653008051116
216,0.27,1327.93862141015,132801.671051487,132810.070477618,-8.3994261305971,305.99740286412,14999946.5673218,2.42476135583981,11.8854438638889,1106.18145594216,680.31510256991,306.111903503414
217,0.27125,1327.93862141015,132801.671051487,132810.070477618,-8.3994261305971,306.457482784636,14999946.2968772,2.42840712995112,11.8676002152659,1106.39480590819,680.56091280858,306.570557520953
218,0.2725,1327.93862141015,132801.671051487,132810.070477618,-8.3994261305971,306.917332842368,14999946.0262154,2.43205108276786,11.8498189377514,1106.60779930429,680.80670603465,307.028970202699
219,0.27375,1327.93862141015,132801.671051487,132810.070477618,-8.3994261305971,307.376953395232,14999945.7553364,2.43569321712622,11.832099697746,1106.82043705995,681.05248206733,307.487141681559
220,0.275,1327.93862141015,132801.671051487,132810.070477618,-8.3994261305971,307.836344799011,14999945.4842403,2.43933353584557,11.8144421640853,1107.0327201033,681.298240725405,307.945072120018
221,0.27625,1327.93862141015,132801.671051487,132810.070477618,-8.3994261305971,308.295507407419,14999945.212927,2.44297204172881,11.7968460080152,1107.24464936089,681.543981827232,308.40276170625
222,0.2775,1327.93862141015,132801.671051487,132810.070477618,-8.3994261305971,308.754441572148,14999944.9413966,2.44660873756287,11.7793109031683,1107.45622575773,681.78970519074,308.860210650649
223,0.27875,1327.93862141015,132801.671051487,132810.070477618,-8.3994261305971,309.213147642918,14999944.669649,2.45024362611902,11.7618365255412,1107.66745021778,682.03541063343,309.317419182702
224,0.28,1327.93862141015,132801.671051487,132810.070477618,-8.3994261305971,309.671625967512,14999944.3976844,2.4538767101532,11.7444225534713,1107.87832366291,682.281097972365,309.774387548159
225,0.28125,1327.93862141015,132801.671051487,132810.070477618,-8.3994261305971,310.129876891818,14999944.1255026,2.45750799240632,11.7270686676148,1108.08884701368,682.52676702417,310.231116006477
226,0.282499999999999,1327.93862141015,132801.671051487,132810.070477618,-8.3994261305971,310.587900759856,14999943.8531038,2.46113747560451,11.7097745509249,1108.29902118954,682.772417605013,310.687604828476
227,0.283749999999999,1327.93862141015,132801.671051487,132810.070477618,-8.3994261305971,311.045697913814,14999943.5804878,2.46476516245935,11.6925398886299,1108.50884710832,683.0180495306,311.1438542942
228,0.284999999999999,1327.93862141015,132801.671051487,132810.070477618,-8.3994261305971,311.503268694066,14999943.3076548,2.46839105566807,11.6753643682124,1108.71832568583,683.263662616154,311.599864690952
229,0.286249999999999,1327.93862141015,132801.671051487,132810.070477618,-8.3994261305971,311.960613439197,14999943.0346048,2.47201515791373,11.6582476793886,1108.9274578373,683.509256676398,312.055636311472
230,0.287499999999999,1327.93862141015,132801.671051487,132810.070477618,-8.3994261305971,312.417732486025,14999942.7613377,2.47563747186536,11.6411895140875,1109.13624447575,683.754831525533,312.511169452258
231,0.288749999999999,1327.93862141015,132801.671051487,132810.070477618,-8.3994261305971,312.874626169614,14999942.4878536,2.47925800017811,11.6241895664311,1109.3446865131,684.000386977211,312.966464411989
232,0.289999999999999,1327.93862141015,132801.671051487,132810.070477618,-8.3994261305971,313.331294823288,14999942.2141525,2.48287674549334,11.6072475327143,1109.55278485946,684.245922844508,313.421521490065
233,0.291249999999999,1327.93862141015,132801.671051487,132810.070477618,-8.3994261305971,313.787738778648,14999941.9402344,2.48649371043875,11.5903631113855,1109.76054042389,684.491438939892,313.876340985219
234,0.292499999999999,1327.93862141015,132801.671051487,132810.070477618,-8.3994261305971,314.243958365573,14999941.6660994,2.49010889762841,11.5735360030274,1109.96795411351,684.736935075184,314.330923194217
235,0.293749999999999,1327.93862141015,132801.671051487,132810.070477618,-8.3994261305971,314.699953912236,14999941.3917473,2.49372230966286,11.5567659103381,1110.17502683415,684.982411061518,314.785268410619
236,0.294999999999999,1327.93862141015,132801.671051487,132810.070477618,-8.3994261305971,315.155725745104,14999941.1171784,2.49733394912911,11.5400525381122,1110.38175949004,685.227866709298,315.239376923595
237,0.296249999999999,1327.93862141015,132801.671051487,132810.070477618,-8.3994261305971,315.611274188945,14999940.8423925,2.50094381860073,11.5233955932227,1110.58815298394,685.473301828145,315.693249016792
238,0.297499999999999,1327.93862141015,132801.671051487,132810.070477618,-8.3994261305971,316.066599566825,14999940.5673897,2.50455192063779,11.5067947846025,1110.79420821695,685.718716226848,316.146884967238
239,0.298749999999999,1327.93862141015,132801.671051487,132810.070477618,-8.3994261305971,316.521702200114,14999940.29217,2.50815825778693,11.4902498232268,1110.99992608872,685.9641097133,316.600285044281
240,0.299999999999999,1327.93862141015,132801.671051487,132810.070477618,-8.3994261305971,316.976582408481,14999940.0167334,2.51176283258129,11.4737604220953,1111.20530749726,686.209482094435,317.053449508547
241,0.301249999999999,1327.93862141015,132801.671051487,132810.070477618,-8.3994261305971,317.431240509887,14999939.74108,2.5153656475405,11.4573262962148,1111.41035333898,686.454833176158,317.506378610928
242,0.302499999999999,1327.93862141015,132801.671051487,132810.070477618,-8.3994261305971,317.885676820589,14999939.4652098,2.51896670517068,11.4409471625821,1111.61506450887,686.70016276327,317.95907259157
243,0.303749999999999,1327.93862141015,132801.671051487,132810.070477618,-8.3994261305971,318.339891655123,14999939.1891227,2.5225660079643,11.424622740167,1111.81944190008,686.945470659382,318.411531678879
244,0.304999999999999,1327.93862141015,132801.671051487,132810.070477618,-8.3994261305971,318.793885326304,14999938.9128188,2.52616355840021,11.4083527498957,1112.02348640419,687.190756666828,318.863756088524
245,0.306249999999999,1327.93862141015,132801.671051487,132810.070477618,-8.3994261305971,319.247658145209,14999938.6362981,2.52975935894347,11.3921369146342,1112.2271989113,687.436020586568,319.315746022436
246,0.307499999999999,1327.93862141015,132801.671051487,132810.070477618,-8.3994261305971,319.70121042117,14999938.3595607,2.53335341204533,11.3759749591722,1112.43058030984,687.681262218083,319.767501667801
247,0.308749999999999,1327.93862141015,132801.671051487,132810.070477618,-8.3994261305971,320.154542461758,14999938.0826065,2.53694572014308,11.3598666102071,1112.63363148632,687.926481359264,320.21902319604
248,0.309999999999999,1327.93862141015,132801.671051487,132810.070477618,-8.3994261305971,320.607654572769,14999937.8054356,2.54053628565994,11.343811596328,1112.83635332585,688.17167780629,320.670310761766
249,0.311249999999999,1327.93862141015,132801.671051487,132810.070477618,-8.3994261305971,321.060547058207,14999937.528048,2.54412511100494,11.3278096480002,1113.03874671166,688.416851353495,321.12136450173
250,0.312499999999999,1327.93862141015,132801.671051487,132810.070477618,-8.3994261305971,321.513220220264,14999937.2504438,2.54771219857272,11.3118604975501,1113.24081252541,688.662001793235,321.572184533723
251,0.313749999999999,1327.93862141015,132801.671051487,132810.070477618,-8.3994261305971,321.9656743593,14999936.9726228,2.55129755074346,11.2959638791497,1113.44255164698,688.90712891573,322.022770955464
252,0.314999999999999,1327.93862141015,132801.671051487,132810.070477618,-8.3994261305971,322.417909773824,14999936.6945852,2.55488116988261,11.280119528802,1113.6439649545,689.152232508905,322.473123843439
253,0.316249999999999,1327.93862141015,132801.671051487,132810.070477618,-8.3994261305971,322.869926760463,14999936.416331,2.55846305834074,11.2643271843259,1113.84505332419,689.397312358218,322.923243251702
254,0.317499999999999,1327.93862141015,132801.671051487,132810.070477618,-8.3994261305971,323.32172561394,14999936.1378602,2.56204321845335,11.2485865853422,1114.04581763066,689.642368246471,323.373129210638
255,0.318749999999999,1327.93862141015,132801.671051487,132810.070477618,-8.3994261305971,323.773306627046,14999935.8591728,2.5656216525406,11.2328974732588,1114.24625874687,689.887399953611,323.822781725665
256,0.319999999999999,1327.93862141015,132801.671051487,132810.070477618,-8.3994261305971,324.224670090607,14999935.5802689,2.56919836290707,11.2172595912571,1114.4463775434,690.132407256513,324.272200775888
257,0.321249999999999,1327.93862141015,132801.671051487,132810.070477618,-8.3994261305971,324.675816293452,14999935.3011484,2.57277335184155,11.2016726842778,1114.64617488966,690.377389928754,324.721386312688
258,0.322499999999999,1327.93862141015,132801.671051487,132810.070477618,-8.3994261305971,325.126745522376,14999935.0218115,2.57634662161669,11.1861364990075,1114.84565165261,690.622347740362,325.170338258256
259,0.323749999999999,1327.93862141015,132801.671051487,132810.070477618,-8.3994261305971,325.577458062107,14999934.742258,2.57991817448877,11.1706507838653,1115.04480869773,690.867280457554,325.619056504043
260,0.324999999999999,1327.93862141015,132801.671051487,132810.070477618,-8.3994261305971,326.027954195259,14999934.4624881,2.58348801269731,11.1552152889891,1115.24364688836,691.112187842451,326.067540909148
261,0.326249999999999,1327.93862141015,132801.671051487,132810.070477618,-8.3994261305971,326.478234202293,14999934.1825017,2.58705613846478,11.1398297662235,1115.44216708591,691.357069652774,326.515791298616
262,0.327499999999999,1327.93862141015,132801.671051487,132810.070477618,-8.3994261305971,326.928298361469,14999933.902299,2.5906225539962,11.1244939691062,1115.64037014985,691.601925641516,326.963807461654
263,0.328749999999998,1327.93862141015,132801.671051487,132810.070477618,-8.3994261305971,327.378146948798,14999933.6218799,2.59418726147877,11.1092076528559,1115.83825693768,691.846755556599,327.411589149754
264,0.329999999999998,1327.93862141015,132801.671051487,132810.070477618,-8.3994261305971,327.827780237987,14999933.3412444,2.59775026308144,11.0939705743599,1116.03582830494,692.091559140491,327.859136074716
265,0.331249999999998,1327.93862141015,132801.671051487,132810.070477618,-8.3994261305971,328.277198500388,14999933.0603925,2.60131156095448,11.0787824921621,1116.23308510497,692.336336129815,328.306447906569
266,0.332499999999998,1327.93862141015,132801.671051487,132810.070477618,-8.3994261305971,328.726402004933,14999932.7793244,2.604871157229,11.0636431664507,1116.43002818911,692.581086254909,328.753524271377
267,0.333749999999998,1327.93862141015,132801.671051487,132810.070477618,-8.3994261305971,329.175391018073,14999932.49804,2.60842905401646,11.0485523590474,1116.6266584065,692.825809239377,329.200364748928
268,0.334999999999998,1327.93862141015,132801.671051487,132810.070477618,-8.3994261305971,329.624165803712,14999932.2165393,2.61198525340811,11.033509833395,1116.82297660411,693.070504799585,329.646968870295
269,0.336249999999998,1327.93862141015,132801.671051487,132810.070477618,-8.3994261305971,330.072726623135,14999931.9348225,2.61553975747447,11.0185153545473,1117.018983627,693.315172644142,330.09333611527
270,0.337499999999998,1327.93862141015,132801.671051487,132810.070477618,-8.3994261305971,330.52107373493,14999931.6528894,2.61909256826467,11.0035686891571,1117.21468031771,693.559812473329,330.539465909643
271,0.338749999999998,1327.93862141015,132801.671051487,132810.070477618,-8.3994261305971,330.969207394911,14999931.3707402,2.62264368780586,10.9886696054667,1117.41006751646,693.804423978495,330.985357622346
272,0.339999999999998,1327.93862141015,132801.671051487,132810.070477618,-8.3994261305971,331.417127856029,14999931.0883748,2.62619311810253,10.9738178732963,1117.60514606162,694.04900684141,331.431010562424
273,0.341249999999998,1327.93862141015,132801.671051487,132810.070477618,-8.3994261305971,331.864835368284,14999930.8057933,2.62974086113574,10.9590132640349,1117.79991678849,694.293560733564,331.876423975848
274,0.342499999999998,1327.93862141015,132801.671051487,132810.070477618,-8.3994261305971,332.312330178625,14999930.5229958,2.63328691886243,10.9442555506299,1117.99438053071,694.538085315429,332.321597042141
275,0.343749999999998,1327.93862141015,132801.671051487,132810.070477618,-8.3994261305971,332.759612530854,14999930.2399822,2.63683129321454,10.9295445075774,1118.18853811907,694.782580235656,332.76652887082
276,0.344999999999998,1327.93862141015,132801.671051487,132810.070477618,-8.3994261305971,333.20668266551,14999929.9567527,2.64037398609822,10.9148799109132,1118.38239038192,695.027045130224,333.211218497633
277,0.346249999999998,1327.93862141015,132801.671051487,132810.070477618,-8.3994261305971,333.653540819761,14999929.6733071,2.64391499939283,10.9002615382036,1118.57593814509,695.271479621521,333.655664880592
278,0.347499999999998,1327.93862141015,132801.671051487,132810.070477618,-8.3994261305971,334.100187227275,14999929.3896456,2.64745433495007,10.8856891685366,1118.76918223192,695.515883317365,334.099866895773
279,0.348749999999998,1327.93862141015,132801.671051487,132810.070477618,-8.3994261305971,334.546622118097,14999929.1057683,2.6509919945929,10.8711625825135,1118.96212346291,695.760255809954,334.543823332886
280,0.349999999999998,1327.93862141015,132801.671051487,132810.070477618,-8.3994261305971,334.992845718509,14999928.821675,2.65452798011444,10.856681562241,1119.15476265583,696.004596674737,334.98753289059
281,0.351249999999998,1327.93862141015,132801.671051487,132810.070477618,-8.3994261305971,335.438858250883,14999928.5373659,2.65806229327686,10.8422458913228,1119.34710062599,696.248905469211,335.430994171545
282,0.352499999999998,1327.93862141015,132801.671051487,132810.070477618,-8.3994261305971,335.884659933532,14999928.2528411,2.66159493581014,10.8278553548529,1119.53913818569,696.493181731626,335.874205677184
283,0.353749999999998,1327.93862141015,132801.671051487,132810.070477618,-8.3994261305971,336.330250980538,14999927.9681005,2.66512590941077,10.8135097394077,1119.73087614406,696.737424979603,336.31716580219
284,0.354999999999998,1327.93862141015,132801.671051487,132810.070477618,-8.3994261305971,336.775631601589,14999927.6831441,2.66865521574036,10.7992088330399,1119.9223153076,696.981634708648,336.759872828657
285,0.356249999999998,1327.93862141015,132801.671051487,132810.070477618,-8.3994261305971,337.220802001786,14999927.3979721,2.67218285642425,10.7849524252714,1120.11345647947,697.225810390562,337.202324919924
286,0.357499999999998,1327.93862141015,132801.671051487,132810.070477618,-8.3994261305971,337.665762381457,14999927.1125845,2.67570883304987,10.7707403070878,1120.30430045986,697.469951471741,337.644520114057
287,0.358749999999998,1327.93862141015,132801.671051487,132810.070477618,-8.3994261305971,338.110512935942,14999926.8269813,2.67923314716521,10.7565722709328,1120.49484804575,697.714057371343,338.086456316964
288,0.359999999999998,1327.93862141015,132801.671051487,132810.070477618,-8.3994261305971,338.555053855382,14999926.5411625,2.68275580027699,10.7424481107023,1120.68510003055,697.958127479342,338.528131295117
289,0.361249999999998,1327.93862141015,132801.671051487,132810.070477618,-8.3994261305971,338.999385324482,14999926.2551282,2.68627679384891,10.7283676217404,1120.87505720449,698.202161154423,338.96954266786
290,0.362499999999998,1327.93862141015,132801.671051487,132810.070477618,-8.3994261305971,339.443507522269,14999925.9688785,2.68979612929965,10.7143306008344,1121.06472035418,698.446157721738,339.410687899292
291,0.363749999999998,1327.93862141015,132801.671051487,132810.070477618,-8.3994261305971,339.88742062183,14999925.6824134,2.69331380800081,10.7003368462115,1121.25409026239,698.690116470501,339.851564289673
292,0.364999999999998,1327.93862141015,132801.671051487,132810.070477618,-8.3994261305971,340.331124790037,14999925.3957329,2.69682983127475,10.6863861575347,1121.44316770843,698.934036651404,340.292168966357
293,0.366249999999998,1327.93862141015,132801.671051487,132810.070477618,-8.3994261305971,340.774620187253,14999925.1088371,2.70034420039228,10.6724783359005,1121.63195346783,699.17791747385,340.732498874205
294,0.367499999999998,1327.93862141015,132801.671051487,132810.070477618,-8.3994261305971,341.217906967026,14999924.8217261,2.70385691657017,10.6586131838361,1121.82044831177,699.421758102995,341.172550765454
295,0.368749999999998,1327.93862141015,132801.671051487,132810.070477618,-8.3994261305971,341.660985275758,14999924.5343998,2.70736798096857,10.6447905052977,1122.00865300735,699.665557656564,341.612321189015
296,0.369999999999998,1327.93862141015,132801.671051487,132810.070477618,-8.3994261305971,342.103855252359,14999924.2468584,2.71087739468827,10.6310101056692,1122.1965683176,699.909315201447,342.051806479161
297,0.371249999999998,1327.93862141015,132801.671051487,132810.070477618,-8.3994261305971,342.546517027876,14999923.959102,2.71438515876775,10.6172717917616,1122.38419500105,700.153029750051,342.49100274358
298,0.372499999999998,1327.93862141015,132801.671051487,132810.070477618,-8.3994261305971,342.988970725105,14999923.6711305,2.71789127418012,10.6035753718128,1122.57153381155,700.396700256383,342.92990585074
299,0.373749999999998,1327.93862141015,132801.671051487,132810.070477618,-8.3994261305971,343.43121645818,14999923.382944,2.72139574182981,10.5899206554882,1122.75858549797,700.640325611855,343.368511416553
300,0.374999999999998,1327.93862141015,132801.671051487,132810.070477618,-8.3994261305971,343.873254332127,14999923.0945426,2.72489856254914,10.5763074538822,1122.94535080502,700.883904640788,343.806814790269
301,0.376249999999997,1327.93862141015,132801.671051487,132810.070477618,-8.3994261305971,344.315084442406,14999922.8059264,2.72839973709457,10.5627355795198,1123.13183047118,701.127436095592,344.244811039581
302,0.377499999999997,1327.93862141015,132801.671051487,132810.070477618,-8.3994261305971,344.756706874418,14999922.5170954,2.73189926614287,10.5492048463598,1123.31802523086,701.370918651592,344.682494934884
303,0.378749999999997,1327.93862141015,132801.671051487,132810.070477618,-8.3994261305971,345.19812170298,14999922.2280497,2.73539715028695,10.5357150697982,1123.50393581183,701.614350901491,345.119860932636
304,0.379999999999997,1327.93862141015,132801.671051487,132810.070477618,-8.3994261305971,345.639328991776,14999921.9387894,2.73889339003149,10.5222660666722,1123.68956293668,701.857731349425,345.556903157784
305,0.381249999999997,1327.93862141015,132801.671051487,132810.070477618,-8.3994261305971,346.080328792768,14999921.6493146,2.74238798578829,10.5088576552662,1123.87490732198,702.101058404594,345.993615385193
306,0.382499999999997,1327.93862141015,132801.671051487,132810.070477618,-8.3994261305971,346.521121145578,14999921.3596252,2.74588093787136,10.4954896553171,1124.05996967796,702.34433037443,346.429991020024
307,0.383749999999997,1327.93862141015,132801.671051487,132810.070477618,-8.3994261305971,346.961706076829,14999921.0697215,2.7493722464917,10.4821618880222,1124.24475070801,702.587545457276,346.866023076992
308,0.384999999999997,1327.93862141015,132801.671051487,132810.070477618,-8.3994261305971,347.402083599447,14999920.7796034,2.75286191175178,10.4688741760469,1124.42925110974,702.830701734525,347.301704158464
309,0.386249999999997,1327.93862141015,132801.671051487,132810.070477618,-8.3994261305971,347.842253711924,14999920.4892712,2.75634993363968,10.455626343534,1124.61347157245,703.073797162205,347.737026431302
310,0.387499999999997,1327.93862141015,132801.671051487,132810.070477618,-8.3994261305971,348.282216397532,14999920.1987248,2.75983631202289,10.4424182161142,1124.79741277887,703.316829561947,348.171981602408
311,0.388749999999997,1327.93862141015,132801.671051487,132810.070477618,-8.3994261305971,348.721971623497,14999919.9079644,2.76332104664174,10.4292496209173,1124.98107540376,703.559796611297,348.606560892872
312,0.389999999999997,1327.93862141015,132801.671051487,132810.070477618,-8.3994261305971,349.161519340113,14999919.61699,2.76680413710239,10.4161203865855,1125.16446011404,703.802695833331,349.040755010666
313,0.391249999999997,1327.93862141015,132801.671051487,132810.070477618,-8.3994261305971,349.600859479818,14999919.3258018,2.77028558286949,10.4030303432868,1125.34756756765,704.04552458552,349.474554121782
314,0.392499999999997,1327.93862141015,132801.671051487,132810.070477618,-8.3994261305971,350.039991956198,14999919.0343999,2.77376538325833,10.389979322731,1125.53039841424,704.288280047782,349.907947819747
315,0.393749999999997,1327.93862141015,132801.671051487,132810.070477618,-8.3994261305971,350.478916662943,14999918.7427844,2.77724353742653,10.3769671581867,1125.7129532938,704.530959209669,350.340925093399
316,0.394999999999997,1327.93862141015,132801.671051487,132810.070477618,-8.3994261305971,350.917633472737,14999918.4509554,2.78072004436524,10.363993684499,1125.89523283712,704.773558856628,350.773474292851
317,0.396249999999997,1327.93862141015,132801.671051487,132810.070477618,-8.3994261305971,351.356142236078,14999918.158913,2.78419490288982,10.3510587381108,1126.07723766457,705.016075555267,351.205583093519
318,0.397499999999997,1327.93862141015,132801.671051487,132810.070477618,-8.3994261305971,351.794442780033,14999917.8666574,2.78766811162996,10.3381621570835,1126.25896838547,705.258505637541,351.637238458113
319,0.398749999999997,1327.93862141015,132801.671051487,132810.070477618,-8.3994261305971,352.232534906914,14999917.5741887,2.79113966901917,10.3253037811213,1126.4404255987,705.500845183801,352.068426596483
320,0.399999999999997,1327.93862141015,132801.671051487,132810.070477618,-8.3994261305971,352.670418392874,14999917.281507,2.79460957328367,10.3124834515966,1126.6216098912,705.743090004608,352.499132923183
321,0.401249999999997,1327.93862141015,132801.671051487,132810.070477618,-8.3994261305971,353.108092986422,14999916.9886124,2.79807782243066,10.2997010115774,1126.80252183745,705.985235621223,352.929342012638
322,0.402499999999997,1327.93862141015,132801.671051487,132810.070477618,-8.3994261305971,353.545558406845,14999916.6955053,2.80154441423573,10.2869563058572,1126.98316199893,706.227277244681,353.359037551768
323,0.403749999999997,1327.93862141015,132801.671051487,132810.070477618,-8.3994261305971,353.982814342539,14999916.4021856,2.80500934622972,10.2742491809869,1127.16353092375,706.469209753346,353.788202289933
324,0.404999999999997,1327.93862141015,132801.671051487,132810.070477618,-8.3994261305971,354.419860449232,14999916.1086536,2.80847261568459,10.2615794853091,1127.34362914604,706.711027668824,354.216817986041
325,0.406249999999997,1327.93862141015,132801.671051487,132810.070477618,-8.3994261305971,354.856696348109,14999915.8149094,2.81193421959857,10.2489470689949,1127.52345718403,706.952725130138,354.644865352662
326,0.407499999999997,1327.93862141015,132801.671051487,132810.070477618,-8.3994261305971,355.293321623818,14999915.5209532,2.81539415468035,10.2363517840838,1127.70301554115,707.194295866006,355.072323996978
327,0.408749999999997,1327.93862141015,132801.671051487,132810.070477618,-8.3994261305971,355.729735822354,14999915.2267853,2.81885241733237,10.2237934845254,1127.88230470361,707.435733165114,355.499172358388
328,0.409999999999997,1327.93862141015,132801.671051487,132810.070477618,-8.3994261305971,356.165938448822,14999914.9324058,2.822309003633,10.2112720262252,1128.06132514049,707.677029844219,355.925387642579
329,0.411249999999997,1327.93862141015,132801.671051487,132810.070477618,-8.3994261305971,356.601928965057,14999914.6378149,2.82576390931777,10.1987872670931,1128.24007730208,707.918178213921,356.350945751869
330,0.412499999999997,1327.93862141015,132801.671051487,132810.070477618,-8.3994261305971,357.037706787104,14999914.3430129,2.82921712975932,10.1863390670948,1128.41856161953,708.15917004195,356.775821211599
331,0.413749999999997,1327.93862141015,132801.671051487,132810.070477618,-8.3994261305971,357.473271282545,14999914.048,2.83266865994631,10.1739272883075,1128.59677850352,708.399996513771,357.199987092361
332,0.414999999999997,1327.93862141015,132801.671051487,132810.070477618,-8.3994261305971,357.908621767663,14999913.7527765,2.83611849446085,10.1615517949788,1128.77472834324,708.640648190313,357.62341492782
333,0.416249999999997,1327.93862141015,132801.671051487,132810.070477618,-8.3994261305971,358.343757504434,14999913.4573425,2.83956662745473,10.1492124535897,1128.95241150496,708.881114962621,358.046074627887
334,0.417499999999997,1327.93862141015,132801.671051487,132810.070477618,-8.3994261305971,358.778677697333,14999913.1616985,2.84301305262409,10.1369091329219,1129.12982833119,709.121386003187,358.467934386968
335,0.418749999999997,1327.93862141015,132801.671051487,132810.070477618,-8.3994261305971,359.213381489954,14999912.8658446,2.84645776318265,10.1246417041292,1129.30697913919,709.36144971374,358.888960587029
336,0.419999999999997,1327.93862141015,132801.671051487,132810.070477618,-8.3994261305971,359.647867961418,14999912.5697813,2.8499007518332,10.1124100408139,1129.48386421948,709.60129366921,359.309117695157
337,0.421249999999997,1327.93862141015,132801.671051487,132810.070477618,-8.3994261305971,360.082136122559,14999912.2735087,2.85334201073744,10.1002140191084,1129.66048383405,709.840904557609,359.728368155339
338,0.422499999999996,1327.93862141015,132801.671051487,132810.070477618,-8.3994261305971,360.516184911888,14999911.9770273,2.85678153148395,10.088053517761,1129.83683821625,710.08026811551,360.146672274099
339,0.423749999999996,1327.93862141015,132801.671051487,132810.070477618,-8.3994261305971,360.950013191299,14999911.6803374,2.86021930505419,10.0759284182285,1130.01292756697,710.319369058816,360.563988099665
340,0.424999999999996,1327.93862141015,132801.671051487,132810.070477618,-8.3994261305971,361.383619741521,14999911.3834394,2.86365532178646,10.0638386047741,1130.18875205443,710.558191008457,360.9802712943
341,0.426249999999996,1327.93862141015,132801.671051487,132810.070477618,-8.3994261305971,361.817003257291,14999911.0863336,2.86708957133762,10.0517839645713,1130.36431181202,710.796716410666,361.395474999396
342,0.427499999999996,1327.93862141015,132801.671051487,132810.070477618,-8.3994261305971,362.250162342225,14999910.7890206,2.87052204264249,10.0397643878154,1130.53960693586,711.034926451405,361.809549692938
343,0.428749999999996,1327.93862141015,132801.671051487,132810.070477618,-8.3994261305971,362.683095503384,14999910.4915006,2.87395272387076,10.0277797678405,1130.71463748335,711.272800964543,362.222443038896
344,0.429999999999996,1327.93862141015,132801.671051487,132810.070477618,-8.3994261305971,363.115801145502,14999910.1937743,2.87738160238125,10.0158300012452,1130.8894034698,711.510318333301,362.634099728093
345,0.431249999999996,1327.93862141015,132801.671051487,132810.070477618,-8.3994261305971,363.548277564859,14999909.8958421,2.88080866467339,10.003914988026,1131.06390486802,711.747455384485,363.044461310063
346,0.432499999999996,1327.93862141015,132801.671051487,132810.070477618,-8.3994261305971,363.980522942781,14999909.5977046,2.88423389633567,9.99203463171809,1131.23814160386,711.984187274967,363.453466015396
347,0.433749999999996,1327.93862141015,132801.671051487,132810.070477618,-8.3994261305971,364.412535338738,14999909.2993621,2.88765728199099,9.98018883954637,1131.41211355459,712.220487369859,363.861048568025
348,0.434999999999996,1327.93862141015,132801.671051487,132810.070477618,-8.3994261305971,364.84431268302,14999909.0008155,2.89107880523857,9.96837752258473,1131.58582054609,712.456327111742,364.267139986893
349,0.436249999999996,1327.93862141015,132801.671051487,132810.070477618,-8.3994261305971,365.275852768958,14999908.7020652,2.89449844859237,9.95660059592585,1131.75926234895,712.691675880324,364.671667376391
350,0.437499999999996,1327.93862141015,132801.671051487,132810.070477618,-8.3994261305971,365.707153244672,14999908.4031119,2.89791619341565,9.94485797886138,1131.93243867686,712.926500841797,365.074553704949
351,0.438749999999996,1327.93862141015,132801.671051487,132810.070477618,-8.3994261305971,366.138211604301,14999908.1039562,2.90133201985151,9.93314959507331,1132.10534918145,713.160766787151,365.475717571085
352,0.439999999999996,1327.93862141015,132801.671051487,132810.070477618,-8.3994261305971,366.5690251787,14999907.804599,2.90474590674913,9.92147537283722,1132.27799345055,713.394435958618,365.875072956237
353,0.441249999999996,1327.93862141015,132801.671051487,132810.070477618,-8.3994261305971,366.999591125559,14999907.505041,2.90815783158552,9.90983524523806,1132.45037100282,713.627467863396,366.272528963593
354,0.442499999999996,1327.93862141015,132801.671051487,132810.070477618,-8.3994261305971,367.429906418908,14999907.2052829,2.9115677703823,9.89822915039932,1132.62248128477,713.859819073678,366.667989542171
355,0.443749999999996,1327.93862141015,132801.671051487,132810.070477618,-8.3994261305971,367.859967837975,14999906.9053257,2.91497569761748,9.88665703172633,1132.79432366568,714.091443012024,367.061353195274
356,0.444999999999996,1327.93862141015,132801.671051487,132810.070477618,-8.3994261305971,368.289771955356,14999906.6051702,2.91838158613164,9.87511883816461,1132.9658974341,714.322289720952,367.452512672478
357,0.446249999999996,1327.93862141015,132801.671051487,132810.070477618,-8.3994261305971,368.719315124443,14999906.3048174,2.92178540702835,9.86361452447407,1133.13720179219,714.552305615618,367.841354644193
358,0.447499999999996,1327.93862141015,132801.671051487,132810.070477618,-8.3994261305971,369.148593466081,14999906.0042684,2.92518712956845,9.85214405152021,1133.30823585075,714.781433218322,368.227759357831
359,0.448749999999996,1327.93862141015,132801.671051487,132810.070477618,-8.3994261305971,369.577602854386,14999905.703524,2.92858672105763,9.84070738658319,1133.47899862432,715.009610873508,368.611600274548
360,0.449999999999996,1327.93862141015,132801.671051487,132810.070477618,-8.3994261305971,370.006338901693,14999905.4025856,2.93198414672716,9.82930450368602,1133.64948902487,715.236772441813,368.992743685445
361,0.451249999999996,1327.93862141015,132801.671051487,132810.070477618,-8.3994261305971,370.434796942549,14999905.1014543,2.93537936960709,9.81793538394283,1133.81970585588,715.462846971629,369.371048306102
362,0.452499999999996,1327.93862141015,132801.671051487,132810.070477618,-8.3994261305971,370.862972016726,14999904.8001314,2.9387723503916,9.80660001592874,1133.98964780605,715.687758346513,369.746364848191
363,0.453749999999996,1327.93862141015,132801.671051487,132810.070477618,-8.3994261305971,371.290858851164,14999904.4986182,2.94216304729593,9.79529839607239,1134.15931344223,715.911424906673,370.118535566911
364,0.454999999999996,1327.93862141015,132801.671051487,132810.070477618,-8.3994261305971,371.718451840786,14999904.1969161,2.94555141590432,9.78403052907272,1134.32870120203,716.133759042608,370.487393782864
365,0.456249999999996,1327.93862141015,132801.671051487,132810.070477618,-8.3994261305971,372.145745028119,14999903.8950266,2.94893740900858,9.77279642834134,1134.49780938652,716.354666758851,370.85276337694
366,0.457499999999996,1327.93862141015,132801.671051487,132810.070477618,-8.3994261305971,372.572732081631,14999903.5929514,2.95232097643641,9.76159611647226,1134.66663615141,716.574047205616,371.214458256703
367,0.458749999999996,1327.93862141015,132801.671051487,132810.070477618,-8.3994261305971,372.999406272722,14999903.2906921,2.95570206486902,9.75042962574049,1134.83517949899,716.79179217598,371.572281792672
368,0.459999999999996,1327.93862141015,132801.671051487,132810.070477618,-8.3994261305971,373.425760451261,14999902.9882506,2.95908061764736,9.7392969986314,1135.00343726788,717.007785566046,371.926026222802
369,0.461249999999996,1327.93862141015,132801.671051487,132810.070477618,-8.3994261305971,373.851787019596,14999902.6856286,2.96245657456609,9.72819828840273,1135.17140712419,717.221902795372,372.275472023394
370,0.462499999999996,1327.93862141015,132801.671051487,132810.070477618,-8.3994261305971,374.277477904924,14999902.3828283,2.96582987165471,9.71713355968129,1135.33908655085,717.434010184723,372.620387244554
371,0.463749999999996,1327.93862141015,132801.671051487,132810.070477618,-8.3994261305971,374.702824529927,14999902.0798517,2.96920044094483,9.7061028890965,1135.50647283563,717.643964288005,372.960526808195
372,0.464999999999996,1327.93862141015,132801.671051487,132810.070477618,-8.3994261305971,375.127817781562,14999901.7767012,2.97256821022285,9.69510636595306,1135.67356306071,717.851611174993,373.295631766517
373,0.466249999999996,1327.93862141015,132801.671051487,132810.070477618,-8.3994261305971,375.552447977874,14999901.4733791,2.97593310276701,9.68414409294521,1135.84035408845,718.056785661226,373.62542851873
374,0.467499999999996,1327.93862141015,132801.671051487,132810.070477618,-8.3994261305971,375.976704832731,14999901.1698879,2.9792950370679,9.67321618691518,1136.00684254968,718.25931048117,373.949627983711
375,0.468749999999996,1327.93862141015,132801.671051487,132810.070477618,-8.3994261305971,376.400577418315,14999900.8662303,2.98265392653127,9.6623227796586,1136.17302482876,718.458995400465,374.267924726114
376,0.469999999999995,1327.93862141015,132801.671051487,132810.070477618,-8.3994261305971,376.824054125253,14999900.5624093,2.9860096791621,9.6514640187798,1136.33889704864,718.655636262754,374.579996033353
377,0.471249999999995,1327.93862141015,132801.671051487,132810.070477618,-8.3994261305971,377.247122620227,14999900.2584277,2.98936219722866,9.64064006860016,1136.5044550546,718.849013966277,374.885500940725
378,0.472499999999995,1327.93862141015,132801.671051487,132810.070477618,-8.3994261305971,377.669769800891,14999899.9542889,2.99271137690528,9.62985111112284,1136.66969439739,719.038893365037,375.184079201772
379,0.473749999999995,1327.93862141015,132801.671051487,132810.070477618,-8.3994261305971,378.091981747936,14999899.6499962,2.9960571078925,9.61909734705741,1136.83461031553,719.225022088985,375.475350200867
380,0.474999999999995,1327.93862141015,132801.671051487,132810.070477618,-8.3994261305971,378.513743674113,14999899.3455533,2.99939927301314,9.60837899690823,1136.99919771602,719.407129277234,375.758911804784
381,0.476249999999995,1327.93862141015,132801.671051487,132810.070477618,-8.3994261305971,378.935039870016,14999899.0409639,3.00273774778263,9.59769630213056,1137.16345115313,719.584924217902,376.034339149909
382,0.477499999999995,1327.93862141015,132801.671051487,132810.070477618,-8.3994261305971,379.355853646423,14999898.7362322,3.00607239995216,9.58704952635869,1137.32736480749,719.758094887693,376.301183361501
383,0.478749999999995,1327.93862141015,132801.671051487,132810.070477618,-8.3994261305971,379.776167272962,14999898.4313625,3.00940308902259,9.57643895671064,1137.49093246319,719.92630638381,376.558970201266
384,0.479999999999995,1327.93862141015,132801.671051487,132810.070477618,-8.3994261305971,380.195961912875,14999898.1263593,3.01272966572757,9.56586490517442,1137.65414748248,720.089199240281,376.807198639283
385,0.481249999999995,1327.93862141015,132801.671051487,132810.070477618,-8.3994261305971,380.615217553623,14999897.8212274,3.01605197148361,9.55532771008081,1137.81700278041,720.246387620162,377.045339346125
386,0.482499999999995,1327.93862141015,132801.671051487,132810.070477618,-8.3994261305971,381.033912933062,14999897.5159721,3.01936983780509,9.54482773766837,1137.97949079633,720.397457374472,377.272833100773
387,0.483749999999995,1327.93862141015,132801.671051487,132810.070477618,-8.3994261305971,381.452025460904,14999897.2105989,3.02268308568187,9.5343653837465,1138.14160346493,720.541963958045,377.489089109724
388,0.484999999999995,1327.93862141015,132801.671051487,132810.070477618,-8.3994261305971,381.869531135161,14999896.9051134,3.02599152491722,9.52394107546274,1138.30333218548,720.679430191756,377.693483232419
389,0.486249999999995,1327.93862141015,132801.671051487,132810.070477618,-8.3994261305971,382.286404453239,14999896.599522,3.02929495342329,9.51355527318118,1138.46466778707,720.8093438598,377.885356107872
390,0.487499999999995,1327.93862141015,132801.671051487,132810.070477618,-8.3994261305971,382.702618317343,14999896.293831,3.0325931564715,9.50320847247881,1138.62560049411,720.931155129899,378.064011177126
391,0.488749999999995,1327.93862141015,132801.671051487,132810.070477618,-8.3994261305971,383.118143933817,14999895.9880476,3.03588590589494,9.49290120626772,1138.78611988869,721.044273783389,378.228712595867
392,0.489999999999995,1327.93862141015,132801.671051487,132810.070477618,-8.3994261305971,383.532950706032,14999895.682179,3.03917295923953,9.48263404705091,1138.94621486927,721.14806624121,378.378683031235
393,0.491249999999995,1327.93862141015,132801.671051487,132810.070477618,-8.3994261305971,383.947006120396,14999895.3762332,3.04245405886077,9.47240760932064,1139.10587360981,721.241852370798,378.513101336589
394,0.492499999999995,1327.93862141015,132801.671051487,132810.070477618,-8.3994261305971,384.360275625041,14999895.0702184,3.04572893096244,9.46222255210822,1139.26508351299,721.324902057777,378.631100097627
395,0.493749999999995,1327.93862141015,132801.671051487,132810.070477618,-8.3994261305971,384.772722500711,14999894.7641434,3.04899728457346,9.4520795816953,1139.42383116226,721.396431525168,378.731763042957
396,0.494999999999995,1327.93862141015,132801.671051487,132810.070477618,-8.3994261305971,385.184307723349,14999894.4580177,3.05225881045902,9.44197945449691,1139.58210227069,721.455599381604,378.814122311873
397,0.496249999999995,1327.93862141015,132801.671051487,132810.070477618,-8.3994261305971,385.594989817825,14999894.1518512,3.05551317996148,9.43192298012754,1139.73988162593,721.501502378662,378.877155571697
398,0.497499999999995,1327.93862141015,132801.671051487,132810.070477618,-8.3994261305971,386.004724702252,14999893.8456546,3.05876004376671,9.421911024662,1139.89715303184,721.533170855996,378.919782976711
399,0.498749999999995,1327.93862141015,132801.671051487,132810.070477618,-8.3994261305971,386.413465522263,14999893.539439,3.06199903059085,9.41194451410398,1140.05389924756,721.549563851419,378.94086396029
400,0.499999999999995,1327.93862141015,132801.671051487,132810.070477618,-8.3994261305971,386.821162474587,14999893.2332164,3.06522974578227,9.40202443807562,0,0,0
