i,x1[i],T1[i],P1[i],v1[i],rho1[i],alfa1[i],T3[i],P3[i],v3[i],rho3[i],alfa3[i]
0,0,1000,1.61e+07,6.67808,26.2157,4488.3,100,1.5e+07,1.76438,36.0817,1968.51
1,0.001,999.896,1.61e+07,6.67739,26.2184,4488.28,103.042,1.5e+07,1.81806,35.0164,1988.28
2,0.002,999.792,1.61e+07,6.67669,26.2211,4488.25,106.083,1.5e+07,1.87171,34.0127,2007.6
3,0.003,999.687,1.61e+07,6.676,26.2239,4488.23,109.121,1.5e+07,1.92532,33.0657,2026.48
4,0.004,999.583,1.61e+07,6.6753,26.2266,4488.21,112.156,1.5e+07,1.97886,32.171,2044.94
5,0.005,999.479,1.61e+07,6.67461,26.2293,4488.18,115.187,1.5e+07,2.03234,31.3245,2062.98
6,0.006,999.375,1.61e+07,6.67391,26.2321,4488.16,118.213,1.5e+07,2.08573,30.5227,2080.64
7,0.007,999.271,1.61e+07,6.67322,26.2348,4488.14,121.233,1.5e+07,2.13903,29.7621,2097.91
8,0.008,999.168,1.61e+07,6.67253,26.2375,4488.11,124.248,1.5e+07,2.19222,29.0399,2114.81
9,0.009,999.064,1.61e+07,6.67183,26.2402,4488.09,127.257,1.5e+07,2.24531,28.3533,2131.36
10,0.01,998.96,1.61e+07,6.67114,26.243,4488.06,130.259,1.5e+07,2.29827,27.6999,2147.56
11,0.011,998.856,1.61e+07,6.67045,26.2457,4488.04,133.254,1.5e+07,2.35111,27.0774,2163.42
12,0.012,998.753,1.61e+07,6.66975,26.2484,4488.02,136.24,1.5e+07,2.40381,26.4838,2178.96
13,0.013,998.649,1.61e+07,6.66906,26.2511,4487.99,139.219,1.5e+07,2.45636,25.9172,2194.19
14,0.014,998.545,1.61e+07,6.66837,26.2539,4487.97,142.189,1.5e+07,2.50877,25.3758,2209.1
15,0.015,998.442,1.61e+07,6.66768,26.2566,4487.95,145.15,1.49999e+07,2.56102,24.858,2223.72
16,0.016,998.338,1.61e+07,6.66699,26.2593,4487.92,148.103,1.49999e+07,2.61311,24.3625,2238.05
17,0.017,998.235,1.61e+07,6.6663,26.262,4487.9,151.045,1.49999e+07,2.66503,23.8879,2252.1
18,0.018,998.132,1.61e+07,6.66561,26.2647,4487.88,153.978,1.49999e+07,2.71678,23.4329,2265.88
19,0.019,998.028,1.61e+07,6.66492,26.2675,4487.85,156.901,1.49999e+07,2.76835,22.9964,2279.39
20,0.02,997.925,1.61e+07,6.66423,26.2702,4487.83,159.813,1.49999e+07,2.81974,22.5773,2292.64
21,0.021,997.822,1.61e+07,6.66354,26.2729,4487.8,162.715,1.49999e+07,2.87094,22.1746,2305.64
22,0.022,997.719,1.61e+07,6.66285,26.2756,4487.78,165.607,1.49999e+07,2.92195,21.7875,2318.4
23,0.023,997.616,1.61e+07,6.66216,26.2783,4487.76,168.487,1.49999e+07,2.97277,21.415,2330.92
24,0.024,997.513,1.61e+07,6.66148,26.281,4487.73,171.356,1.49999e+07,3.02339,21.0565,2343.2
25,0.025,997.41,1.61e+07,6.66079,26.2837,4487.71,174.214,1.49999e+07,3.07382,20.711,2355.26
26,0.026,997.307,1.61e+07,6.6601,26.2865,4487.69,177.06,1.49999e+07,3.12404,20.3781,2367.1
27,0.027,997.204,1.61e+07,6.65941,26.2892,4487.66,179.895,1.49999e+07,3.17405,20.057,2378.72
28,0.028,997.101,1.61e+07,6.65873,26.2919,4487.64,182.718,1.49999e+07,3.22386,19.7471,2390.13
29,0.029,996.998,1.61e+07,6.65804,26.2946,4487.61,185.529,1.49999e+07,3.27346,19.4479,2401.34
30,0.03,996.895,1.61e+07,6.65735,26.2973,4487.59,188.327,1.49999e+07,3.32284,19.1589,2412.35
31,0.031,996.793,1.61e+07,6.65667,26.3,4487.57,191.114,1.49999e+07,3.37201,18.8795,2423.16
32,0.032,996.69,1.61e+07,6.65598,26.3027,4487.54,193.889,1.49999e+07,3.42096,18.6094,2433.79
33,0.033,996.587,1.61e+07,6.6553,26.3054,4487.52,196.651,1.49999e+07,3.4697,18.348,2444.22
34,0.034,996.485,1.61e+07,6.65461,26.3081,4487.5,199.4,1.49999e+07,3.51821,18.095,2454.48
35,0.035,996.382,1.61e+07,6.65393,26.3108,4487.47,202.137,1.49999e+07,3.5665,17.85,2464.55
36,0.036,996.28,1.61e+07,6.65325,26.3135,4487.45,204.862,1.49999e+07,3.61457,17.6126,2474.46
37,0.037,996.178,1.61e+07,6.65256,26.3162,4487.42,207.573,1.49999e+07,3.66242,17.3825,2484.19
38,0.038,996.075,1.61e+07,6.65188,26.3189,4487.4,210.272,1.49999e+07,3.71004,17.1594,2493.76
39,0.039,995.973,1.61e+07,6.6512,26.3216,4487.38,212.958,1.49999e+07,3.75744,16.9429,2503.17
40,0.04,995.871,1.61e+07,6.65051,26.3243,4487.35,215.632,1.49999e+07,3.8046,16.7329,2512.42
41,0.041,995.768,1.61e+07,6.64983,26.327,4487.33,218.292,1.49999e+07,3.85154,16.529,2521.51
42,0.042,995.666,1.61e+07,6.64915,26.3297,4487.31,220.939,1.49999e+07,3.89825,16.3309,2530.45
43,0.043,995.564,1.61e+07,6.64847,26.3324,4487.28,223.574,1.49999e+07,3.94473,16.1385,2539.25
44,0.044,995.462,1.61e+07,6.64779,26.3351,4487.26,226.195,1.49999e+07,3.99099,15.9514,2547.89
45,0.045,995.36,1.61e+07,6.64711,26.3378,4487.23,228.803,1.49998e+07,4.03701,15.7696,2556.4
46,0.046,995.258,1.61e+07,6.64642,26.3405,4487.21,231.398,1.49998e+07,4.08279,15.5927,2564.77
47,0.047,995.156,1.61e+07,6.64574,26.3432,4487.19,233.98,1.49998e+07,4.12835,15.4207,2573
48,0.048,995.055,1.61e+07,6.64506,26.3459,4487.16,236.549,1.49998e+07,4.17368,15.2532,2581.1
49,0.049,994.953,1.61e+07,6.64439,26.3486,4487.14,239.105,1.49998e+07,4.21877,15.0902,2589.07
50,0.05,994.851,1.61e+07,6.64371,26.3513,4487.11,241.647,1.49998e+07,4.26363,14.9314,2596.91
51,0.051,994.749,1.61e+07,6.64303,26.354,4487.09,244.176,1.49998e+07,4.30826,14.7767,2604.62
52,0.052,994.648,1.61e+07,6.64235,26.3567,4487.07,246.692,1.49998e+07,4.35265,14.626,2612.21
53,0.053,994.546,1.61e+07,6.64167,26.3594,4487.04,249.195,1.49998e+07,4.39681,14.4791,2619.68
54,0.054,994.445,1.61e+07,6.64099,26.3621,4487.02,251.685,1.49998e+07,4.44074,14.3359,2627.04
55,0.055,994.343,1.61e+07,6.64031,26.3648,4487,254.162,1.49998e+07,4.48444,14.1962,2634.28
56,0.056,994.242,1.61e+07,6.63964,26.3675,4486.97,256.625,1.49998e+07,4.5279,14.0599,2641.4
57,0.057,994.14,1.61e+07,6.63896,26.3702,4486.95,259.075,1.49998e+07,4.57113,13.927,2648.42
58,0.058,994.039,1.61e+07,6.63828,26.3728,4486.92,261.512,1.49998e+07,4.61413,13.7972,2655.32
59,0.059,993.938,1.61e+07,6.63761,26.3755,4486.9,263.935,1.49998e+07,4.6569,13.6705,2662.12
60,0.06,993.836,1.61e+07,6.63693,26.3782,4486.88,266.346,1.49998e+07,4.69943,13.5468,2668.82
61,0.061,993.735,1.61e+07,6.63626,26.3809,4486.85,268.743,1.49998e+07,4.74173,13.4259,2675.41
62,0.062,993.634,1.61e+07,6.63558,26.3836,4486.83,271.128,1.49998e+07,4.7838,13.3078,2681.91
63,0.063,993.533,1.61e+07,6.63491,26.3863,4486.81,273.499,1.49998e+07,4.82563,13.1925,2688.3
64,0.064,993.432,1.61e+07,6.63423,26.389,4486.78,275.857,1.49998e+07,4.86724,13.0797,2694.6
65,0.065,993.331,1.61e+07,6.63356,26.3916,4486.76,278.202,1.49998e+07,4.90861,12.9694,2700.8
66,0.066,993.23,1.61e+07,6.63288,26.3943,4486.73,280.534,1.49998e+07,4.94976,12.8616,2706.91
67,0.067,993.129,1.61e+07,6.63221,26.397,4486.71,282.852,1.49998e+07,4.99067,12.7562,2712.93
68,0.068,993.028,1.61e+07,6.63154,26.3997,4486.69,285.158,1.49998e+07,5.03136,12.653,2718.85
69,0.069,992.928,1.61e+07,6.63086,26.4024,4486.66,287.451,1.49998e+07,5.07181,12.5521,2724.69
70,0.07,992.827,1.61e+07,6.63019,26.405,4486.64,289.731,1.49998e+07,5.11204,12.4533,2730.45
71,0.071,992.726,1.61e+07,6.62952,26.4077,4486.62,291.998,1.49998e+07,5.15204,12.3567,2736.12
72,0.072,992.625,1.61e+07,6.62885,26.4104,4486.59,294.252,1.49998e+07,5.19181,12.262,2741.71
73,0.073,992.525,1.61e+07,6.62818,26.4131,4486.57,296.493,1.49998e+07,5.23135,12.1693,2747.21
74,0.074,992.424,1.61e+07,6.6275,26.4157,4486.54,298.721,1.49998e+07,5.27067,12.0785,2752.63
75,0.075,992.324,1.61e+07,6.62683,26.4184,4486.52,300.936,1.49998e+07,5.30976,11.9896,2757.98
76,0.076,992.223,1.61e+07,6.62616,26.4211,4486.5,303.139,1.49998e+07,5.34862,11.9025,2763.25
77,0.077,992.123,1.61e+07,6.62549,26.4238,4486.47,305.329,1.49998e+07,5.38726,11.8171,2768.44
78,0.078,992.023,1.61e+07,6.62482,26.4264,4486.45,307.506,1.49997e+07,5.42568,11.7335,2773.56
79,0.079,991.922,1.61e+07,6.62415,26.4291,4486.42,309.67,1.49997e+07,5.46387,11.6514,2778.61
80,0.08,991.822,1.61e+07,6.62348,26.4318,4486.4,311.822,1.49997e+07,5.50184,11.571,2783.58
81,0.081,991.722,1.61e+07,6.62282,26.4344,4486.38,313.962,1.49997e+07,5.53958,11.4922,2788.48
82,0.082,991.622,1.61e+07,6.62215,26.4371,4486.35,316.088,1.49997e+07,5.57711,11.4149,2793.32
83,0.083,991.522,1.61e+07,6.62148,26.4398,4486.33,318.202,1.49997e+07,5.61441,11.339,2798.08
84,0.084,991.422,1.61e+07,6.62081,26.4424,4486.31,320.304,1.49997e+07,5.65149,11.2646,2802.78
85,0.085,991.322,1.61e+07,6.62014,26.4451,4486.28,322.393,1.49997e+07,5.68835,11.1916,2807.41
86,0.086,991.222,1.61e+07,6.61948,26.4478,4486.26,324.47,1.49997e+07,5.725,11.12,2811.98
87,0.087,991.122,1.61e+07,6.61881,26.4504,4486.23,326.534,1.49997e+07,5.76142,11.0497,2816.48
88,0.088,991.022,1.61e+07,6.61814,26.4531,4486.21,328.586,1.49997e+07,5.79763,10.9807,2820.93
89,0.089,990.922,1.61e+07,6.61748,26.4558,4486.19,330.626,1.49997e+07,5.83362,10.9129,2825.31
90,0.09,990.823,1.61e+07,6.61681,26.4584,4486.16,332.654,1.49997e+07,5.8694,10.8464,2829.63
91,0.091,990.723,1.61e+07,6.61615,26.4611,4486.14,334.669,1.49997e+07,5.90495,10.7811,2833.89
92,0.092,990.623,1.61e+07,6.61548,26.4638,4486.11,336.672,1.49997e+07,5.9403,10.717,2838.09
93,0.093,990.524,1.61e+07,6.61482,26.4664,4486.09,338.663,1.49997e+07,5.97543,10.654,2842.24
94,0.094,990.424,1.61e+07,6.61415,26.4691,4486.07,340.642,1.49997e+07,6.01035,10.5921,2846.33
95,0.095,990.325,1.61e+07,6.61349,26.4717,4486.04,342.609,1.49997e+07,6.04505,10.5312,2850.36
96,0.096,990.225,1.61e+07,6.61282,26.4744,4486.02,344.564,1.49997e+07,6.07955,10.4715,2854.34
97,0.097,990.126,1.61e+07,6.61216,26.477,4486,346.507,1.49997e+07,6.11383,10.4128,2858.26
98,0.098,990.026,1.61e+07,6.6115,26.4797,4485.97,348.438,1.49997e+07,6.14791,10.3551,2862.14
99,0.099,989.927,1.61e+07,6.61083,26.4824,4485.95,350.357,1.49997e+07,6.18177,10.2983,2865.96
100,0.1,989.828,1.61e+07,6.61017,26.485,4485.92,352.265,1.49997e+07,6.21543,10.2426,2869.73
101,0.101,989.729,1.61e+07,6.60951,26.4877,4485.9,354.16,1.49997e+07,6.24888,10.1877,2873.45
102,0.102,989.63,1.61e+07,6.60885,26.4903,4485.88,356.044,1.49997e+07,6.28212,10.1338,2877.12
103,0.103,989.53,1.61e+07,6.60818,26.493,4485.85,357.917,1.49997e+07,6.31516,10.0808,2880.74
104,0.104,989.431,1.61e+07,6.60752,26.4956,4485.83,359.778,1.49997e+07,6.34799,10.0287,2884.32
105,0.105,989.332,1.61e+07,6.60686,26.4983,4485.8,361.627,1.49997e+07,6.38062,9.97739,2887.85
106,0.106,989.233,1.61e+07,6.6062,26.5009,4485.78,363.464,1.49997e+07,6.41305,9.92695,2891.33
107,0.107,989.135,1.61e+07,6.60554,26.5036,4485.76,365.291,1.49997e+07,6.44527,9.87732,2894.77
108,0.108,989.036,1.61e+07,6.60488,26.5062,4485.73,367.106,1.49997e+07,6.47729,9.82849,2898.16
109,0.109,988.937,1.61e+07,6.60422,26.5089,4485.71,368.909,1.49997e+07,6.50911,9.78044,2901.51
110,0.11,988.838,1.61e+07,6.60356,26.5115,4485.69,370.701,1.49997e+07,6.54074,9.73315,2904.81
111,0.111,988.739,1.61e+07,6.6029,26.5142,4485.66,372.482,1.49997e+07,6.57216,9.68662,2908.08
112,0.112,988.641,1.61e+07,6.60224,26.5168,4485.64,374.252,1.49997e+07,6.60338,9.64081,2911.3
113,0.113,988.542,1.61e+07,6.60159,26.5194,4485.61,376.01,1.49997e+07,6.63441,9.59572,2914.48
114,0.114,988.444,1.61e+07,6.60093,26.5221,4485.59,377.757,1.49997e+07,6.66524,9.55134,2917.61
115,0.115,988.345,1.60999e+07,6.60027,26.5247,4485.57,379.494,1.49997e+07,6.69588,9.50764,2920.71
116,0.116,988.247,1.60999e+07,6.59961,26.5274,4485.54,381.219,1.49997e+07,6.72632,9.46461,2923.77
117,0.117,988.148,1.60999e+07,6.59896,26.53,4485.52,382.933,1.49996e+07,6.75657,9.42223,2926.79
118,0.118,988.05,1.60999e+07,6.5983,26.5327,4485.49,384.637,1.49996e+07,6.78663,9.3805,2929.78
119,0.119,987.952,1.60999e+07,6.59764,26.5353,4485.47,386.329,1.49996e+07,6.81649,9.33941,2932.72
120,0.12,987.853,1.60999e+07,6.59699,26.5379,4485.45,388.011,1.49996e+07,6.84616,9.29893,2935.63
121,0.121,987.755,1.60999e+07,6.59633,26.5406,4485.42,389.682,1.49996e+07,6.87565,9.25905,2938.5
122,0.122,987.657,1.60999e+07,6.59568,26.5432,4485.4,391.342,1.49996e+07,6.90494,9.21977,2941.34
123,0.123,987.559,1.60999e+07,6.59502,26.5458,4485.38,392.991,1.49996e+07,6.93405,9.18107,2944.14
124,0.124,987.461,1.60999e+07,6.59437,26.5485,4485.35,394.63,1.49996e+07,6.96297,9.14294,2946.91
125,0.125,987.363,1.60999e+07,6.59371,26.5511,4485.33,396.259,1.49996e+07,6.9917,9.10537,2949.64
126,0.126,987.265,1.60999e+07,6.59306,26.5538,4485.3,397.877,1.49996e+07,7.02024,9.06834,2952.34
127,0.127,987.167,1.60999e+07,6.5924,26.5564,4485.28,399.484,1.49996e+07,7.04861,9.03185,2955.01
128,0.128,987.069,1.60999e+07,6.59175,26.559,4485.26,401.081,1.49996e+07,7.07679,8.99589,2957.64
129,0.129,986.971,1.60999e+07,6.5911,26.5616,4485.23,402.668,1.49996e+07,7.10478,8.96044,2960.24
130,0.13,986.873,1.60999e+07,6.59045,26.5643,4485.21,404.244,1.49996e+07,7.13259,8.9255,2962.81
131,0.131,986.776,1.60999e+07,6.58979,26.5669,4485.18,405.81,1.49996e+07,7.16023,8.89105,2965.35
132,0.132,986.678,1.60999e+07,6.58914,26.5695,4485.16,407.366,1.49996e+07,7.18768,8.8571,2967.86
133,0.133,986.58,1.60999e+07,6.58849,26.5722,4485.14,408.911,1.49996e+07,7.21495,8.82362,2970.34
134,0.134,986.483,1.60999e+07,6.58784,26.5748,4485.11,410.447,1.49996e+07,7.24205,8.7906,2972.78
135,0.135,986.385,1.60999e+07,6.58719,26.5774,4485.09,411.973,1.49996e+07,7.26897,8.75805,2975.2
136,0.136,986.288,1.60999e+07,6.58654,26.58,4485.07,413.488,1.49996e+07,7.29571,8.72595,2977.59
137,0.137,986.19,1.60999e+07,6.58589,26.5827,4485.04,414.994,1.49996e+07,7.32227,8.69429,2979.95
138,0.138,986.093,1.60999e+07,6.58523,26.5853,4485.02,416.489,1.49996e+07,7.34867,8.66307,2982.29
139,0.139,985.996,1.60999e+07,6.58459,26.5879,4484.99,417.975,1.49996e+07,7.37488,8.63227,2984.59
140,0.14,985.898,1.60999e+07,6.58394,26.5905,4484.97,419.451,1.49996e+07,7.40093,8.60189,2986.87
141,0.141,985.801,1.60999e+07,6.58329,26.5932,4484.95,420.917,1.49996e+07,7.4268,8.57193,2989.12
142,0.142,985.704,1.60999e+07,6.58264,26.5958,4484.92,422.374,1.49996e+07,7.4525,8.54236,2991.35
143,0.143,985.607,1.60999e+07,6.58199,26.5984,4484.9,423.821,1.49996e+07,7.47803,8.5132,2993.54
144,0.144,985.51,1.60999e+07,6.58134,26.601,4484.87,425.258,1.49996e+07,7.50339,8.48442,2995.72
145,0.145,985.413,1.60999e+07,6.58069,26.6036,4484.85,426.686,1.49996e+07,7.52859,8.45603,2997.87
146,0.146,985.316,1.60999e+07,6.58005,26.6063,4484.83,428.104,1.49996e+07,7.55361,8.42802,2999.99
147,0.147,985.219,1.60999e+07,6.5794,26.6089,4484.8,429.513,1.49996e+07,7.57847,8.40037,3002.09
148,0.148,985.122,1.60999e+07,6.57875,26.6115,4484.78,430.913,1.49996e+07,7.60317,8.37309,3004.16
149,0.149,985.025,1.60999e+07,6.5781,26.6141,4484.76,432.303,1.49996e+07,7.62769,8.34616,3006.21
150,0.15,984.928,1.60999e+07,6.57746,26.6167,4484.73,433.684,1.49996e+07,7.65206,8.31959,3008.24
151,0.151,984.831,1.60999e+07,6.57681,26.6193,4484.71,435.055,1.49996e+07,7.67626,8.29336,3010.24
152,0.152,984.735,1.60999e+07,6.57617,26.622,4484.68,436.417,1.49996e+07,7.7003,8.26747,3012.22
153,0.153,984.638,1.60999e+07,6.57552,26.6246,4484.66,437.771,1.49996e+07,7.72418,8.24191,3014.18
154,0.154,984.541,1.60999e+07,6.57488,26.6272,4484.64,439.115,1.49996e+07,7.7479,8.21668,3016.11
155,0.155,984.445,1.60999e+07,6.57423,26.6298,4484.61,440.45,1.49996e+07,7.77145,8.19177,3018.03
156,0.156,984.348,1.60999e+07,6.57359,26.6324,4484.59,441.776,1.49996e+07,7.79485,8.16718,3019.92
157,0.157,984.252,1.60999e+07,6.57294,26.635,4484.56,443.093,1.49996e+07,7.81809,8.1429,3021.79
158,0.158,984.155,1.60999e+07,6.5723,26.6376,4484.54,444.402,1.49996e+07,7.84118,8.11893,3023.64
159,0.159,984.059,1.60999e+07,6.57166,26.6402,4484.52,445.701,1.49996e+07,7.86411,8.09526,3025.47
160,0.16,983.963,1.60999e+07,6.57101,26.6428,4484.49,446.992,1.49996e+07,7.88688,8.07188,3027.28
161,0.161,983.866,1.60999e+07,6.57037,26.6454,4484.47,448.274,1.49996e+07,7.9095,8.0488,3029.07
162,0.162,983.77,1.60999e+07,6.56973,26.648,4484.45,449.547,1.49996e+07,7.93197,8.026,3030.83
163,0.163,983.674,1.60999e+07,6.56909,26.6507,4484.42,450.811,1.49995e+07,7.95428,8.00349,3032.58
164,0.164,983.578,1.60999e+07,6.56844,26.6533,4484.4,452.067,1.49995e+07,7.97644,7.98125,3034.31
165,0.165,983.482,1.60999e+07,6.5678,26.6559,4484.37,453.315,1.49995e+07,7.99845,7.95929,3036.02
166,0.166,983.386,1.60999e+07,6.56716,26.6585,4484.35,454.554,1.49995e+07,8.02031,7.93759,3037.71
167,0.167,983.29,1.60999e+07,6.56652,26.6611,4484.33,455.784,1.49995e+07,8.04203,7.91616,3039.39
168,0.168,983.194,1.60999e+07,6.56588,26.6637,4484.3,457.006,1.49995e+07,8.06359,7.89499,3041.04
169,0.169,983.098,1.60999e+07,6.56524,26.6663,4484.28,458.22,1.49995e+07,8.08501,7.87408,3042.68
170,0.17,983.002,1.60999e+07,6.5646,26.6689,4484.25,459.425,1.49995e+07,8.10627,7.85342,3044.3
171,0.171,982.906,1.60999e+07,6.56396,26.6715,4484.23,460.622,1.49995e+07,8.1274,7.83301,3045.9
172,0.172,982.811,1.60999e+07,6.56332,26.6741,4484.21,461.811,1.49995e+07,8.14838,7.81284,3047.48
173,0.173,982.715,1.60999e+07,6.56268,26.6767,4484.18,462.992,1.49995e+07,8.16921,7.79291,3049.05
174,0.174,982.619,1.60999e+07,6.56204,26.6793,4484.16,464.165,1.49995e+07,8.1899,7.77323,3050.6
175,0.175,982.524,1.60999e+07,6.56141,26.6818,4484.14,465.329,1.49995e+07,8.21045,7.75377,3052.13
176,0.176,982.428,1.60999e+07,6.56077,26.6844,4484.11,466.486,1.49995e+07,8.23086,7.73455,3053.64
177,0.177,982.333,1.60999e+07,6.56013,26.687,4484.09,467.635,1.49995e+07,8.25113,7.71555,3055.14
178,0.178,982.237,1.60999e+07,6.55949,26.6896,4484.06,468.775,1.49995e+07,8.27126,7.69677,3056.63
179,0.179,982.142,1.60999e+07,6.55886,26.6922,4484.04,469.908,1.49995e+07,8.29125,7.67822,3058.1
180,0.18,982.046,1.60999e+07,6.55822,26.6948,4484.02,471.033,1.49995e+07,8.3111,7.65988,3059.55
181,0.181,981.951,1.60999e+07,6.55758,26.6974,4483.99,472.15,1.49995e+07,8.33081,7.64175,3060.98
182,0.182,981.856,1.60999e+07,6.55695,26.7,4483.97,473.26,1.49995e+07,8.35039,7.62384,3062.41
183,0.183,981.761,1.60999e+07,6.55631,26.7026,4483.94,474.361,1.49995e+07,8.36983,7.60613,3063.81
184,0.184,981.665,1.60999e+07,6.55568,26.7052,4483.92,475.455,1.49995e+07,8.38913,7.58862,3065.2
185,0.185,981.57,1.60999e+07,6.55504,26.7078,4483.9,476.542,1.49995e+07,8.4083,7.57132,3066.58
186,0.186,981.475,1.60999e+07,6.55441,26.7103,4483.87,477.621,1.49995e+07,8.42734,7.55422,3067.94
187,0.187,981.38,1.60999e+07,6.55377,26.7129,4483.85,478.692,1.49995e+07,8.44625,7.53731,3069.29
188,0.188,981.285,1.60999e+07,6.55314,26.7155,4483.82,479.756,1.49995e+07,8.46502,7.52059,3070.63
189,0.189,981.19,1.60999e+07,6.5525,26.7181,4483.8,480.813,1.49995e+07,8.48367,7.50406,3071.95
190,0.19,981.095,1.60999e+07,6.55187,26.7207,4483.78,481.862,1.49995e+07,8.50218,7.48772,3073.25
191,0.191,981.001,1.60999e+07,6.55124,26.7233,4483.75,482.904,1.49995e+07,8.52056,7.47157,3074.55
192,0.192,980.906,1.60999e+07,6.5506,26.7258,4483.73,483.939,1.49995e+07,8.53882,7.45559,3075.83
193,0.193,980.811,1.60999e+07,6.54997,26.7284,4483.71,484.966,1.49995e+07,8.55695,7.4398,3077.09
194,0.194,980.716,1.60999e+07,6.54934,26.731,4483.68,485.986,1.49995e+07,8.57495,7.42418,3078.35
195,0.195,980.622,1.60999e+07,6.54871,26.7336,4483.66,486.999,1.49995e+07,8.59282,7.40874,3079.59
196,0.196,980.527,1.60999e+07,6.54808,26.7362,4483.63,488.005,1.49995e+07,8.61057,7.39347,3080.81
197,0.197,980.433,1.60999e+07,6.54744,26.7387,4483.61,489.004,1.49995e+07,8.6282,7.37836,3082.03
198,0.198,980.338,1.60999e+07,6.54681,26.7413,4483.59,489.996,1.49995e+07,8.6457,7.36343,3083.23
199,0.199,980.244,1.60999e+07,6.54618,26.7439,4483.56,490.98,1.49995e+07,8.66308,7.34866,3084.42
200,0.2,980.149,1.60999e+07,6.54555,26.7465,4483.54,491.958,1.49995e+07,8.68033,7.33405,3085.6
201,0.201,980.055,1.60999e+07,6.54492,26.749,4483.51,492.929,1.49995e+07,8.69747,7.3196,3086.77
202,0.202,979.96,1.60999e+07,6.54429,26.7516,4483.49,493.894,1.49995e+07,8.71448,7.30531,3087.92
203,0.203,979.866,1.60999e+07,6.54366,26.7542,4483.47,494.851,1.49995e+07,8.73138,7.29117,3089.06
204,0.204,979.772,1.60999e+07,6.54303,26.7568,4483.44,495.802,1.49995e+07,8.74815,7.27719,3090.19
205,0.205,979.678,1.60999e+07,6.54241,26.7593,4483.42,496.746,1.49995e+07,8.76481,7.26336,3091.31
206,0.206,979.584,1.60999e+07,6.54178,26.7619,4483.4,497.683,1.49995e+07,8.78134,7.24969,3092.42
207,0.207,979.49,1.60999e+07,6.54115,26.7645,4483.37,498.613,1.49995e+07,8.79776,7.23615,3093.52
208,0.208,979.396,1.60999e+07,6.54052,26.767,4483.35,499.537,1.49995e+07,8.81407,7.22277,3094.61
209,0.209,979.302,1.60999e+07,6.53989,26.7696,4483.32,500.455,1.49995e+07,8.83026,7.20953,3095.68
210,0.21,979.208,1.60999e+07,6.53927,26.7722,4483.3,501.366,1.49995e+07,8.84633,7.19643,3096.75
211,0.211,979.114,1.60999e+07,6.53864,26.7747,4483.28,502.27,1.49995e+07,8.86229,7.18346,3097.8
212,0.212,979.02,1.60999e+07,6.53801,26.7773,4483.25,503.168,1.49995e+07,8.87814,7.17064,3098.84
213,0.213,978.926,1.60999e+07,6.53739,26.7799,4483.23,504.06,1.49995e+07,8.89388,7.15796,3099.88
214,0.214,978.832,1.60999e+07,6.53676,26.7824,4483.2,504.946,1.49995e+07,8.9095,7.14541,3100.9
215,0.215,978.739,1.60999e+07,6.53614,26.785,4483.18,505.825,1.49995e+07,8.92501,7.13299,3101.91
216,0.216,978.645,1.60999e+07,6.53551,26.7876,4483.16,506.697,1.49995e+07,8.94041,7.1207,3102.92
217,0.217,978.551,1.60999e+07,6.53489,26.7901,4483.13,507.564,1.49995e+07,8.9557,7.10854,3103.91
218,0.218,978.458,1.60999e+07,6.53426,26.7927,4483.11,508.424,1.49995e+07,8.97088,7.09651,3104.89
219,0.219,978.364,1.60999e+07,6.53364,26.7953,4483.09,509.279,1.49994e+07,8.98596,7.08461,3105.87
220,0.22,978.271,1.60999e+07,6.53301,26.7978,4483.06,510.127,1.49994e+07,9.00092,7.07283,3106.83
221,0.221,978.177,1.60999e+07,6.53239,26.8004,4483.04,510.969,1.49994e+07,9.01578,7.06117,3107.79
222,0.222,978.084,1.60999e+07,6.53177,26.8029,4483.01,511.805,1.49994e+07,9.03054,7.04963,3108.73
223,0.223,977.991,1.60999e+07,6.53114,26.8055,4482.99,512.635,1.49994e+07,9.04518,7.03822,3109.67
224,0.224,977.897,1.60999e+07,6.53052,26.808,4482.97,513.459,1.49994e+07,9.05973,7.02692,3110.59
225,0.225,977.804,1.60999e+07,6.5299,26.8106,4482.94,514.277,1.49994e+07,9.07416,7.01574,3111.51
226,0.226,977.711,1.60999e+07,6.52927,26.8132,4482.92,515.09,1.49994e+07,9.0885,7.00467,3112.42
227,0.227,977.618,1.60999e+07,6.52865,26.8157,4482.89,515.896,1.49994e+07,9.10273,6.99372,3113.32
228,0.228,977.525,1.60999e+07,6.52803,26.8183,4482.87,516.697,1.49994e+07,9.11686,6.98288,3114.21
229,0.229,977.432,1.60999e+07,6.52741,26.8208,4482.85,517.492,1.49994e+07,9.13089,6.97216,3115.1
230,0.23,977.339,1.60999e+07,6.52679,26.8234,4482.82,518.281,1.49994e+07,9.14482,6.96154,3115.97
231,0.231,977.246,1.60999e+07,6.52617,26.8259,4482.8,519.065,1.49994e+07,9.15864,6.95103,3116.84
232,0.232,977.153,1.60999e+07,6.52555,26.8285,4482.78,519.843,1.49994e+07,9.17237,6.94062,3117.7
233,0.233,977.06,1.60999e+07,6.52493,26.831,4482.75,520.615,1.49994e+07,9.186,6.93033,3118.55
234,0.234,976.967,1.60999e+07,6.52431,26.8336,4482.73,521.382,1.49994e+07,9.19953,6.92013,3119.39
235,0.235,976.874,1.60999e+07,6.52369,26.8361,4482.7,522.143,1.49994e+07,9.21296,6.91004,3120.22
236,0.236,976.782,1.60999e+07,6.52307,26.8387,4482.68,522.899,1.49994e+07,9.2263,6.90005,3121.05
237,0.237,976.689,1.60999e+07,6.52245,26.8412,4482.66,523.649,1.49994e+07,9.23954,6.89017,3121.86
238,0.238,976.596,1.60999e+07,6.52183,26.8437,4482.63,524.394,1.49994e+07,9.25269,6.88038,3122.67
239,0.239,976.504,1.60999e+07,6.52122,26.8463,4482.61,525.134,1.49994e+07,9.26574,6.87069,3123.48
240,0.24,976.411,1.60999e+07,6.5206,26.8488,4482.59,525.868,1.49994e+07,9.27869,6.86109,3124.27
241,0.241,976.319,1.60999e+07,6.51998,26.8514,4482.56,526.597,1.49994e+07,9.29155,6.8516,3125.06
242,0.242,976.226,1.60999e+07,6.51936,26.8539,4482.54,527.321,1.49994e+07,9.30432,6.8422,3125.84
243,0.243,976.134,1.60999e+07,6.51875,26.8565,4482.51,528.039,1.49994e+07,9.317,6.83289,3126.61
244,0.244,976.042,1.60999e+07,6.51813,26.859,4482.49,528.752,1.49994e+07,9.32958,6.82367,3127.38
245,0.245,975.949,1.60999e+07,6.51751,26.8615,4482.47,529.46,1.49994e+07,9.34207,6.81454,3128.14
246,0.246,975.857,1.60999e+07,6.5169,26.8641,4482.44,530.163,1.49994e+07,9.35448,6.80551,3128.89
247,0.247,975.765,1.60999e+07,6.51628,26.8666,4482.42,530.861,1.49994e+07,9.36679,6.79656,3129.63
248,0.248,975.673,1.60999e+07,6.51567,26.8692,4482.39,531.553,1.49994e+07,9.37901,6.78771,3130.37
249,0.249,975.581,1.60999e+07,6.51505,26.8717,4482.37,532.241,1.49994e+07,9.39115,6.77894,3131.1
250,0.25,975.488,1.60999e+07,6.51444,26.8742,4482.35,532.924,1.49994e+07,9.40319,6.77025,3131.82
251,0.251,975.396,1.60999e+07,6.51382,26.8768,4482.32,533.601,1.49994e+07,9.41515,6.76165,3132.54
252,0.252,975.304,1.60999e+07,6.51321,26.8793,4482.3,534.274,1.49994e+07,9.42702,6.75314,3133.25
253,0.253,975.213,1.60999e+07,6.51259,26.8818,4482.28,534.942,1.49994e+07,9.43881,6.74471,3133.95
254,0.254,975.121,1.60999e+07,6.51198,26.8844,4482.25,535.605,1.49994e+07,9.4505,6.73636,3134.65
255,0.255,975.029,1.60999e+07,6.51137,26.8869,4482.23,536.263,1.49994e+07,9.46212,6.72809,3135.34
256,0.256,974.937,1.60999e+07,6.51076,26.8894,4482.2,536.916,1.49994e+07,9.47365,6.7199,3136.02
257,0.257,974.845,1.60999e+07,6.51014,26.892,4482.18,537.565,1.49994e+07,9.48509,6.71179,3136.7
258,0.258,974.754,1.60999e+07,6.50953,26.8945,4482.16,538.209,1.49994e+07,9.49645,6.70376,3137.37
259,0.259,974.662,1.60999e+07,6.50892,26.897,4482.13,538.848,1.49994e+07,9.50773,6.69581,3138.04
260,0.26,974.57,1.60999e+07,6.50831,26.8995,4482.11,539.482,1.49994e+07,9.51893,6.68794,3138.7
261,0.261,974.479,1.60999e+07,6.5077,26.9021,4482.09,540.112,1.49994e+07,9.53004,6.68014,3139.35
262,0.262,974.387,1.60999e+07,6.50708,26.9046,4482.06,540.738,1.49994e+07,9.54108,6.67241,3140
263,0.263,974.296,1.60999e+07,6.50647,26.9071,4482.04,541.358,1.49994e+07,9.55203,6.66476,3140.64
264,0.264,974.204,1.60999e+07,6.50586,26.9096,4482.01,541.974,1.49994e+07,9.5629,6.65718,3141.28
265,0.265,974.113,1.60999e+07,6.50525,26.9122,4481.99,542.586,1.49994e+07,9.57369,6.64968,3141.91
266,0.266,974.022,1.60999e+07,6.50464,26.9147,4481.97,543.193,1.49994e+07,9.58441,6.64225,3142.53
267,0.267,973.93,1.60999e+07,6.50403,26.9172,4481.94,543.796,1.49994e+07,9.59504,6.63488,3143.15
268,0.268,973.839,1.60999e+07,6.50342,26.9197,4481.92,544.394,1.49994e+07,9.6056,6.62759,3143.76
269,0.269,973.748,1.60999e+07,6.50282,26.9222,4481.89,544.988,1.49994e+07,9.61608,6.62037,3144.37
270,0.27,973.657,1.60999e+07,6.50221,26.9248,4481.87,545.578,1.49994e+07,9.62648,6.61321,3144.97
271,0.271,973.566,1.60999e+07,6.5016,26.9273,4481.85,546.163,1.49994e+07,9.63681,6.60613,3145.57
272,0.272,973.475,1.60999e+07,6.50099,26.9298,4481.82,546.744,1.49994e+07,9.64706,6.59911,3146.16
273,0.273,973.384,1.60999e+07,6.50038,26.9323,4481.8,547.32,1.49994e+07,9.65723,6.59215,3146.74
274,0.274,973.293,1.60999e+07,6.49978,26.9348,4481.78,547.893,1.49994e+07,9.66733,6.58527,3147.32
275,0.275,973.202,1.60999e+07,6.49917,26.9374,4481.75,548.461,1.49994e+07,9.67736,6.57844,3147.9
276,0.276,973.111,1.60999e+07,6.49856,26.9399,4481.73,549.025,1.49994e+07,9.68731,6.57169,3148.47
277,0.277,973.02,1.60999e+07,6.49796,26.9424,4481.7,549.585,1.49994e+07,9.69719,6.56499,3149.03
278,0.278,972.929,1.60999e+07,6.49735,26.9449,4481.68,550.14,1.49994e+07,9.707,6.55836,3149.59
279,0.279,972.838,1.60999e+07,6.49674,26.9474,4481.66,550.692,1.49994e+07,9.71673,6.55179,3150.15
280,0.28,972.748,1.60999e+07,6.49614,26.9499,4481.63,551.24,1.49994e+07,9.7264,6.54528,3150.7
281,0.281,972.657,1.60999e+07,6.49553,26.9524,4481.61,551.783,1.49994e+07,9.73599,6.53883,3151.24
282,0.282,972.566,1.60999e+07,6.49493,26.9549,4481.59,552.323,1.49994e+07,9.74551,6.53244,3151.78
283,0.283,972.476,1.60999e+07,6.49432,26.9575,4481.56,552.858,1.49994e+07,9.75496,6.52612,3152.32
284,0.284,972.385,1.60999e+07,6.49372,26.96,4481.54,553.39,1.49994e+07,9.76434,6.51985,3152.85
285,0.285,972.295,1.60999e+07,6.49312,26.9625,4481.51,553.918,1.49994e+07,9.77365,6.51363,3153.37
286,0.286,972.205,1.60999e+07,6.49251,26.965,4481.49,554.441,1.49994e+07,9.78289,6.50748,3153.89
287,0.287,972.114,1.60999e+07,6.49191,26.9675,4481.47,554.961,1.49994e+07,9.79207,6.50138,3154.41
288,0.288,972.024,1.60999e+07,6.49131,26.97,4481.44,555.477,1.49994e+07,9.80117,6.49534,3154.92
289,0.289,971.934,1.60999e+07,6.4907,26.9725,4481.42,555.99,1.49994e+07,9.81021,6.48936,3155.43
290,0.29,971.843,1.60999e+07,6.4901,26.975,4481.4,556.498,1.49993e+07,9.81919,6.48343,3155.93
291,0.291,971.753,1.60999e+07,6.4895,26.9775,4481.37,557.003,1.49993e+07,9.82809,6.47755,3156.43
292,0.292,971.663,1.60999e+07,6.4889,26.98,4481.35,557.504,1.49993e+07,9.83693,6.47173,3156.93
293,0.293,971.573,1.60999e+07,6.4883,26.9825,4481.32,558.001,1.49993e+07,9.84571,6.46596,3157.42
294,0.294,971.483,1.60999e+07,6.48769,26.985,4481.3,558.494,1.49993e+07,9.85442,6.46025,3157.9
295,0.295,971.393,1.60999e+07,6.48709,26.9875,4481.28,558.984,1.49993e+07,9.86306,6.45459,3158.38
296,0.296,971.303,1.60999e+07,6.48649,26.99,4481.25,559.471,1.49993e+07,9.87164,6.44898,3158.86
297,0.297,971.213,1.60999e+07,6.48589,26.9925,4481.23,559.953,1.49993e+07,9.88016,6.44342,3159.33
298,0.298,971.123,1.60999e+07,6.48529,26.995,4481.21,560.432,1.49993e+07,9.88861,6.43791,3159.8
299,0.299,971.033,1.60999e+07,6.48469,26.9975,4481.18,560.908,1.49993e+07,9.89701,6.43245,3160.26
300,0.3,970.943,1.60999e+07,6.48409,27,4481.16,561.38,1.49993e+07,9.90534,6.42704,3160.73
301,0.301,970.854,1.60999e+07,6.48349,27.0025,4481.13,561.849,1.49993e+07,9.9136,6.42168,3161.18
302,0.302,970.764,1.60999e+07,6.4829,27.005,4481.11,562.314,1.49993e+07,9.92181,6.41637,3161.63
303,0.303,970.674,1.60999e+07,6.4823,27.0075,4481.09,562.775,1.49993e+07,9.92995,6.4111,3162.08
304,0.304,970.585,1.60999e+07,6.4817,27.01,4481.06,563.233,1.49993e+07,9.93804,6.40589,3162.53
305,0.305,970.495,1.60999e+07,6.4811,27.0125,4481.04,563.688,1.49993e+07,9.94606,6.40072,3162.97
306,0.306,970.406,1.60999e+07,6.4805,27.0149,4481.02,564.139,1.49993e+07,9.95403,6.3956,3163.4
307,0.307,970.316,1.60999e+07,6.47991,27.0174,4480.99,564.587,1.49993e+07,9.96193,6.39052,3163.84
308,0.308,970.227,1.60999e+07,6.47931,27.0199,4480.97,565.032,1.49993e+07,9.96978,6.38549,3164.27
309,0.309,970.137,1.60999e+07,6.47871,27.0224,4480.94,565.473,1.49993e+07,9.97757,6.38051,3164.69
310,0.31,970.048,1.60999e+07,6.47812,27.0249,4480.92,565.912,1.49993e+07,9.9853,6.37557,3165.12
311,0.311,969.959,1.60999e+07,6.47752,27.0274,4480.9,566.346,1.49993e+07,9.99297,6.37067,3165.53
312,0.312,969.87,1.60999e+07,6.47692,27.0299,4480.87,566.778,1.49993e+07,10.0006,6.36582,3165.95
313,0.313,969.78,1.60999e+07,6.47633,27.0324,4480.85,567.206,1.49993e+07,10.0081,6.36102,3166.36
314,0.314,969.691,1.60999e+07,6.47573,27.0348,4480.83,567.631,1.49993e+07,10.0156,6.35625,3166.77
315,0.315,969.602,1.60999e+07,6.47514,27.0373,4480.8,568.053,1.49993e+07,10.0231,6.35153,3167.17
316,0.316,969.513,1.60999e+07,6.47454,27.0398,4480.78,568.472,1.49993e+07,10.0305,6.34685,3167.57
317,0.317,969.424,1.60999e+07,6.47395,27.0423,4480.75,568.888,1.49993e+07,10.0378,6.34221,3167.97
318,0.318,969.335,1.60999e+07,6.47336,27.0448,4480.73,569.301,1.49993e+07,10.0451,6.33761,3168.36
319,0.319,969.246,1.60999e+07,6.47276,27.0473,4480.71,569.71,1.49993e+07,10.0523,6.33306,3168.75
320,0.32,969.157,1.60999e+07,6.47217,27.0497,4480.68,570.117,1.49993e+07,10.0595,6.32854,3169.14
321,0.321,969.068,1.60999e+07,6.47158,27.0522,4480.66,570.52,1.49993e+07,10.0666,6.32406,3169.52
322,0.322,968.98,1.60999e+07,6.47098,27.0547,4480.64,570.921,1.49993e+07,10.0737,6.31963,3169.9
323,0.323,968.891,1.60999e+07,6.47039,27.0572,4480.61,571.318,1.49993e+07,10.0807,6.31523,3170.28
324,0.324,968.802,1.60999e+07,6.4698,27.0596,4480.59,571.712,1.49993e+07,10.0877,6.31087,3170.66
325,0.325,968.714,1.60999e+07,6.46921,27.0621,4480.56,572.104,1.49993e+07,10.0946,6.30655,3171.03
326,0.326,968.625,1.60999e+07,6.46861,27.0646,4480.54,572.493,1.49993e+07,10.1014,6.30227,3171.39
327,0.327,968.536,1.60999e+07,6.46802,27.0671,4480.52,572.878,1.49993e+07,10.1082,6.29803,3171.76
328,0.328,968.448,1.60999e+07,6.46743,27.0695,4480.49,573.261,1.49993e+07,10.115,6.29382,3172.12
329,0.329,968.359,1.60999e+07,6.46684,27.072,4480.47,573.641,1.49993e+07,10.1217,6.28965,3172.48
330,0.33,968.271,1.60999e+07,6.46625,27.0745,4480.45,574.018,1.49993e+07,10.1284,6.28552,3172.83
331,0.331,968.183,1.60999e+07,6.46566,27.077,4480.42,574.392,1.49993e+07,10.135,6.28143,3173.19
332,0.332,968.094,1.60999e+07,6.46507,27.0794,4480.4,574.764,1.49993e+07,10.1415,6.27737,3173.53
333,0.333,968.006,1.60999e+07,6.46448,27.0819,4480.37,575.132,1.49993e+07,10.148,6.27334,3173.88
334,0.334,967.918,1.60999e+07,6.46389,27.0844,4480.35,575.498,1.49993e+07,10.1545,6.26935,3174.22
335,0.335,967.829,1.60999e+07,6.4633,27.0868,4480.33,575.862,1.49993e+07,10.1609,6.2654,3174.56
336,0.336,967.741,1.60999e+07,6.46272,27.0893,4480.3,576.222,1.49993e+07,10.1672,6.26148,3174.9
337,0.337,967.653,1.60999e+07,6.46213,27.0918,4480.28,576.58,1.49993e+07,10.1736,6.25759,3175.24
338,0.338,967.565,1.60999e+07,6.46154,27.0942,4480.26,576.935,1.49993e+07,10.1798,6.25374,3175.57
339,0.339,967.477,1.60999e+07,6.46095,27.0967,4480.23,577.287,1.49993e+07,10.186,6.24992,3175.9
340,0.34,967.389,1.60999e+07,6.46036,27.0992,4480.21,577.637,1.49993e+07,10.1922,6.24614,3176.22
341,0.341,967.301,1.60999e+07,6.45978,27.1016,4480.19,577.984,1.49993e+07,10.1983,6.24239,3176.55
342,0.342,967.213,1.60999e+07,6.45919,27.1041,4480.16,578.329,1.49993e+07,10.2044,6.23867,3176.87
343,0.343,967.125,1.60999e+07,6.4586,27.1065,4480.14,578.671,1.49993e+07,10.2105,6.23498,3177.19
344,0.344,967.038,1.60998e+07,6.45802,27.109,4480.11,579.01,1.49993e+07,10.2164,6.23133,3177.5
345,0.345,966.95,1.60998e+07,6.45743,27.1115,4480.09,579.347,1.49993e+07,10.2224,6.2277,3177.81
346,0.346,966.862,1.60998e+07,6.45685,27.1139,4480.07,579.681,1.49993e+07,10.2283,6.22411,3178.12
347,0.347,966.774,1.60998e+07,6.45626,27.1164,4480.04,580.013,1.49993e+07,10.2341,6.22055,3178.43
348,0.348,966.687,1.60998e+07,6.45568,27.1188,4480.02,580.342,1.49993e+07,10.24,6.21702,3178.74
349,0.349,966.599,1.60998e+07,6.45509,27.1213,4480,580.669,1.49993e+07,10.2457,6.21352,3179.04
350,0.35,966.512,1.60998e+07,6.45451,27.1238,4479.97,580.993,1.49993e+07,10.2514,6.21005,3179.34
351,0.351,966.424,1.60998e+07,6.45392,27.1262,4479.95,581.315,1.49993e+07,10.2571,6.20661,3179.64
352,0.352,966.337,1.60998e+07,6.45334,27.1287,4479.93,581.635,1.49993e+07,10.2628,6.2032,3179.93
353,0.353,966.249,1.60998e+07,6.45275,27.1311,4479.9,581.952,1.49993e+07,10.2684,6.19982,3180.22
354,0.354,966.162,1.60998e+07,6.45217,27.1336,4479.88,582.266,1.49993e+07,10.2739,6.19647,3180.51
355,0.355,966.075,1.60998e+07,6.45159,27.136,4479.85,582.579,1.49993e+07,10.2794,6.19315,3180.8
356,0.356,965.987,1.60998e+07,6.45101,27.1385,4479.83,582.889,1.49993e+07,10.2849,6.18985,3181.09
357,0.357,965.9,1.60998e+07,6.45042,27.1409,4479.81,583.196,1.49993e+07,10.2903,6.18659,3181.37
358,0.358,965.813,1.60998e+07,6.44984,27.1434,4479.78,583.502,1.49993e+07,10.2957,6.18335,3181.65
359,0.359,965.726,1.60998e+07,6.44926,27.1458,4479.76,583.805,1.49993e+07,10.3011,6.18014,3181.93
360,0.36,965.639,1.60998e+07,6.44868,27.1483,4479.74,584.105,1.49993e+07,10.3064,6.17696,3182.2
361,0.361,965.552,1.60998e+07,6.4481,27.1507,4479.71,584.404,1.49993e+07,10.3116,6.1738,3182.48
362,0.362,965.465,1.60998e+07,6.44752,27.1532,4479.69,584.7,1.49993e+07,10.3169,6.17068,3182.75
363,0.363,965.378,1.60998e+07,6.44693,27.1556,4479.66,584.994,1.49993e+07,10.322,6.16757,3183.02
364,0.364,965.291,1.60998e+07,6.44635,27.1581,4479.64,585.286,1.49993e+07,10.3272,6.1645,3183.28
365,0.365,965.204,1.60998e+07,6.44577,27.1605,4479.62,585.575,1.49993e+07,10.3323,6.16145,3183.55
366,0.366,965.117,1.60998e+07,6.44519,27.1629,4479.59,585.863,1.49993e+07,10.3374,6.15843,3183.81
367,0.367,965.03,1.60998e+07,6.44462,27.1654,4479.57,586.148,1.49993e+07,10.3424,6.15543,3184.07
368,0.368,964.943,1.60998e+07,6.44404,27.1678,4479.55,586.431,1.49993e+07,10.3474,6.15246,3184.33
369,0.369,964.857,1.60998e+07,6.44346,27.1703,4479.52,586.712,1.49993e+07,10.3524,6.14951,3184.59
370,0.37,964.77,1.60998e+07,6.44288,27.1727,4479.5,586.991,1.49993e+07,10.3573,6.14659,3184.84
371,0.371,964.683,1.60998e+07,6.4423,27.1751,4479.48,587.267,1.49993e+07,10.3622,6.1437,3185.09
372,0.372,964.597,1.60998e+07,6.44172,27.1776,4479.45,587.542,1.49993e+07,10.367,6.14082,3185.34
373,0.373,964.51,1.60998e+07,6.44114,27.18,4479.43,587.815,1.49993e+07,10.3718,6.13798,3185.59
374,0.374,964.424,1.60998e+07,6.44057,27.1825,4479.41,588.085,1.49993e+07,10.3766,6.13515,3185.83
375,0.375,964.337,1.60998e+07,6.43999,27.1849,4479.38,588.353,1.49993e+07,10.3813,6.13235,3186.08
376,0.376,964.251,1.60998e+07,6.43941,27.1873,4479.36,588.62,1.49993e+07,10.386,6.12958,3186.32
377,0.377,964.165,1.60998e+07,6.43884,27.1898,4479.33,588.884,1.49993e+07,10.3907,6.12682,3186.56
378,0.378,964.078,1.60998e+07,6.43826,27.1922,4479.31,589.147,1.49992e+07,10.3953,6.1241,3186.8
379,0.379,963.992,1.60998e+07,6.43768,27.1946,4479.29,589.407,1.49992e+07,10.3999,6.12139,3187.03
380,0.38,963.906,1.60998e+07,6.43711,27.1971,4479.26,589.665,1.49992e+07,10.4045,6.11871,3187.26
381,0.381,963.82,1.60998e+07,6.43653,27.1995,4479.24,589.922,1.49992e+07,10.409,6.11605,3187.5
382,0.382,963.734,1.60998e+07,6.43596,27.2019,4479.22,590.176,1.49992e+07,10.4135,6.11341,3187.73
383,0.383,963.647,1.60998e+07,6.43538,27.2043,4479.19,590.429,1.49992e+07,10.418,6.11079,3187.95
384,0.384,963.561,1.60998e+07,6.43481,27.2068,4479.17,590.68,1.49992e+07,10.4224,6.1082,3188.18
385,0.385,963.475,1.60998e+07,6.43424,27.2092,4479.15,590.929,1.49992e+07,10.4268,6.10563,3188.4
386,0.386,963.389,1.60998e+07,6.43366,27.2116,4479.12,591.175,1.49992e+07,10.4311,6.10308,3188.63
387,0.387,963.304,1.60998e+07,6.43309,27.2141,4479.1,591.42,1.49992e+07,10.4355,6.10055,3188.85
388,0.388,963.218,1.60998e+07,6.43251,27.2165,4479.07,591.664,1.49992e+07,10.4397,6.09804,3189.07
389,0.389,963.132,1.60998e+07,6.43194,27.2189,4479.05,591.905,1.49992e+07,10.444,6.09555,3189.28
390,0.39,963.046,1.60998e+07,6.43137,27.2213,4479.03,592.145,1.49992e+07,10.4482,6.09309,3189.5
391,0.391,962.96,1.60998e+07,6.4308,27.2238,4479,592.382,1.49992e+07,10.4524,6.09064,3189.71
392,0.392,962.875,1.60998e+07,6.43022,27.2262,4478.98,592.618,1.49992e+07,10.4566,6.08822,3189.92
393,0.393,962.789,1.60998e+07,6.42965,27.2286,4478.96,592.852,1.49992e+07,10.4607,6.08581,3190.13
394,0.394,962.703,1.60998e+07,6.42908,27.231,4478.93,593.085,1.49992e+07,10.4648,6.08343,3190.34
395,0.395,962.618,1.60998e+07,6.42851,27.2334,4478.91,593.315,1.49992e+07,10.4689,6.08106,3190.55
396,0.396,962.532,1.60998e+07,6.42794,27.2359,4478.89,593.544,1.49992e+07,10.4729,6.07872,3190.75
397,0.397,962.447,1.60998e+07,6.42737,27.2383,4478.86,593.771,1.49992e+07,10.4769,6.07639,3190.95
398,0.398,962.361,1.60998e+07,6.4268,27.2407,4478.84,593.996,1.49992e+07,10.4809,6.07409,3191.16
399,0.399,962.276,1.60998e+07,6.42623,27.2431,4478.82,594.22,1.49992e+07,10.4849,6.0718,3191.36
400,0.4,962.191,1.60998e+07,6.42566,27.2455,4478.79,594.442,1.49992e+07,10.4888,6.06953,3191.55
401,0.401,962.105,1.60998e+07,6.42509,27.2479,4478.77,594.662,1.49992e+07,10.4927,6.06728,3191.75
402,0.402,962.02,1.60998e+07,6.42452,27.2504,4478.74,594.881,1.49992e+07,10.4965,6.06505,3191.95
403,0.403,961.935,1.60998e+07,6.42395,27.2528,4478.72,595.098,1.49992e+07,10.5004,6.06284,3192.14
404,0.404,961.85,1.60998e+07,6.42338,27.2552,4478.7,595.313,1.49992e+07,10.5042,6.06065,3192.33
405,0.405,961.764,1.60998e+07,6.42281,27.2576,4478.67,595.527,1.49992e+07,10.5079,6.05847,3192.52
406,0.406,961.679,1.60998e+07,6.42224,27.26,4478.65,595.739,1.49992e+07,10.5117,6.05632,3192.71
407,0.407,961.594,1.60998e+07,6.42168,27.2624,4478.63,595.949,1.49992e+07,10.5154,6.05418,3192.9
408,0.408,961.509,1.60998e+07,6.42111,27.2648,4478.6,596.158,1.49992e+07,10.5191,6.05206,3193.08
409,0.409,961.424,1.60998e+07,6.42054,27.2672,4478.58,596.365,1.49992e+07,10.5227,6.04995,3193.27
410,0.41,961.339,1.60998e+07,6.41998,27.2696,4478.56,596.571,1.49992e+07,10.5264,6.04787,3193.45
411,0.411,961.255,1.60998e+07,6.41941,27.272,4478.53,596.775,1.49992e+07,10.53,6.0458,3193.63
412,0.412,961.17,1.60998e+07,6.41884,27.2745,4478.51,596.978,1.49992e+07,10.5335,6.04375,3193.81
413,0.413,961.085,1.60998e+07,6.41828,27.2769,4478.49,597.179,1.49992e+07,10.5371,6.04171,3193.99
414,0.414,961,1.60998e+07,6.41771,27.2793,4478.46,597.378,1.49992e+07,10.5406,6.03969,3194.16
415,0.415,960.915,1.60998e+07,6.41715,27.2817,4478.44,597.576,1.49992e+07,10.5441,6.03769,3194.34
416,0.416,960.831,1.60998e+07,6.41658,27.2841,4478.42,597.773,1.49992e+07,10.5476,6.03571,3194.51
417,0.417,960.746,1.60998e+07,6.41601,27.2865,4478.39,597.968,1.49992e+07,10.551,6.03374,3194.69
418,0.418,960.662,1.60998e+07,6.41545,27.2889,4478.37,598.161,1.49992e+07,10.5544,6.03179,3194.86
419,0.419,960.577,1.60998e+07,6.41489,27.2913,4478.34,598.353,1.49992e+07,10.5578,6.02985,3195.03
420,0.42,960.493,1.60998e+07,6.41432,27.2937,4478.32,598.544,1.49992e+07,10.5612,6.02793,3195.2
421,0.421,960.408,1.60998e+07,6.41376,27.2961,4478.3,598.733,1.49992e+07,10.5645,6.02603,3195.36
422,0.422,960.324,1.60998e+07,6.41319,27.2985,4478.27,598.921,1.49992e+07,10.5678,6.02414,3195.53
423,0.423,960.239,1.60998e+07,6.41263,27.3009,4478.25,599.107,1.49992e+07,10.5711,6.02226,3195.69
424,0.424,960.155,1.60998e+07,6.41207,27.3033,4478.23,599.292,1.49992e+07,10.5744,6.02041,3195.86
425,0.425,960.071,1.60998e+07,6.41151,27.3057,4478.2,599.475,1.49992e+07,10.5776,6.01856,3196.02
426,0.426,959.987,1.60998e+07,6.41094,27.3081,4478.18,599.657,1.49992e+07,10.5808,6.01674,3196.18
427,0.427,959.902,1.60998e+07,6.41038,27.3105,4478.16,599.838,1.49992e+07,10.584,6.01493,3196.34
428,0.428,959.818,1.60998e+07,6.40982,27.3128,4478.13,600.017,1.49992e+07,10.5872,6.01313,3196.49
429,0.429,959.734,1.60998e+07,6.40926,27.3152,4478.11,600.195,1.49992e+07,10.5903,6.01135,3196.65
430,0.43,959.65,1.60998e+07,6.4087,27.3176,4478.09,600.371,1.49992e+07,10.5934,6.00958,3196.81
431,0.431,959.566,1.60998e+07,6.40814,27.32,4478.06,600.547,1.49992e+07,10.5965,6.00782,3196.96
432,0.432,959.482,1.60998e+07,6.40758,27.3224,4478.04,600.72,1.49992e+07,10.5996,6.00608,3197.11
433,0.433,959.398,1.60998e+07,6.40702,27.3248,4478.02,600.893,1.49992e+07,10.6026,6.00436,3197.26
434,0.434,959.314,1.60998e+07,6.40646,27.3272,4477.99,601.064,1.49992e+07,10.6056,6.00265,3197.42
435,0.435,959.23,1.60998e+07,6.4059,27.3296,4477.97,601.234,1.49992e+07,10.6086,6.00095,3197.56
436,0.436,959.147,1.60998e+07,6.40534,27.332,4477.95,601.403,1.49992e+07,10.6116,5.99927,3197.71
437,0.437,959.063,1.60998e+07,6.40478,27.3344,4477.92,601.57,1.49992e+07,10.6146,5.9976,3197.86
438,0.438,958.979,1.60998e+07,6.40422,27.3367,4477.9,601.736,1.49992e+07,10.6175,5.99594,3198
439,0.439,958.895,1.60998e+07,6.40366,27.3391,4477.88,601.901,1.49992e+07,10.6204,5.9943,3198.15
440,0.44,958.812,1.60998e+07,6.4031,27.3415,4477.85,602.064,1.49992e+07,10.6233,5.99267,3198.29
441,0.441,958.728,1.60998e+07,6.40254,27.3439,4477.83,602.227,1.49992e+07,10.6262,5.99106,3198.43
442,0.442,958.645,1.60998e+07,6.40198,27.3463,4477.8,602.388,1.49992e+07,10.629,5.98946,3198.58
443,0.443,958.561,1.60998e+07,6.40143,27.3487,4477.78,602.548,1.49992e+07,10.6318,5.98787,3198.72
444,0.444,958.478,1.60998e+07,6.40087,27.351,4477.76,602.706,1.49992e+07,10.6346,5.98629,3198.85
445,0.445,958.394,1.60998e+07,6.40031,27.3534,4477.73,602.864,1.49992e+07,10.6374,5.98473,3198.99
446,0.446,958.311,1.60998e+07,6.39976,27.3558,4477.71,603.02,1.49992e+07,10.6402,5.98318,3199.13
447,0.447,958.228,1.60998e+07,6.3992,27.3582,4477.69,603.175,1.49992e+07,10.6429,5.98164,3199.26
448,0.448,958.144,1.60998e+07,6.39864,27.3606,4477.66,603.329,1.49992e+07,10.6456,5.98011,3199.4
449,0.449,958.061,1.60998e+07,6.39809,27.3629,4477.64,603.481,1.49992e+07,10.6483,5.9786,3199.53
450,0.45,957.978,1.60998e+07,6.39753,27.3653,4477.62,603.633,1.49992e+07,10.651,5.9771,3199.66
451,0.451,957.895,1.60998e+07,6.39698,27.3677,4477.59,603.783,1.49992e+07,10.6536,5.97561,3199.79
452,0.452,957.811,1.60998e+07,6.39642,27.3701,4477.57,603.932,1.49992e+07,10.6563,5.97413,3199.92
453,0.453,957.728,1.60998e+07,6.39587,27.3724,4477.55,604.08,1.49992e+07,10.6589,5.97267,3200.05
454,0.454,957.645,1.60998e+07,6.39531,27.3748,4477.52,604.227,1.49992e+07,10.6615,5.97122,3200.18
455,0.455,957.562,1.60998e+07,6.39476,27.3772,4477.5,604.373,1.49992e+07,10.664,5.96978,3200.31
456,0.456,957.479,1.60998e+07,6.39421,27.3795,4477.48,604.518,1.49992e+07,10.6666,5.96835,3200.43
457,0.457,957.396,1.60998e+07,6.39365,27.3819,4477.45,604.661,1.49992e+07,10.6691,5.96693,3200.56
458,0.458,957.314,1.60998e+07,6.3931,27.3843,4477.43,604.804,1.49992e+07,10.6716,5.96552,3200.68
459,0.459,957.231,1.60998e+07,6.39255,27.3867,4477.41,604.945,1.49992e+07,10.6741,5.96413,3200.81
460,0.46,957.148,1.60998e+07,6.39199,27.389,4477.38,605.085,1.49992e+07,10.6766,5.96275,3200.93
461,0.461,957.065,1.60998e+07,6.39144,27.3914,4477.36,605.225,1.49992e+07,10.6791,5.96137,3201.05
462,0.462,956.983,1.60998e+07,6.39089,27.3938,4477.34,605.363,1.49992e+07,10.6815,5.96001,3201.17
463,0.463,956.9,1.60998e+07,6.39034,27.3961,4477.31,605.5,1.49992e+07,10.6839,5.95866,3201.29
464,0.464,956.817,1.60998e+07,6.38979,27.3985,4477.29,605.636,1.49992e+07,10.6863,5.95732,3201.41
465,0.465,956.735,1.60998e+07,6.38923,27.4008,4477.27,605.771,1.49992e+07,10.6887,5.956,3201.52
466,0.466,956.652,1.60998e+07,6.38868,27.4032,4477.24,605.905,1.49992e+07,10.6911,5.95468,3201.64
467,0.467,956.57,1.60998e+07,6.38813,27.4056,4477.22,606.038,1.49992e+07,10.6934,5.95337,3201.75
468,0.468,956.487,1.60998e+07,6.38758,27.4079,4477.2,606.17,1.49992e+07,10.6958,5.95208,3201.87
469,0.469,956.405,1.60998e+07,6.38703,27.4103,4477.17,606.301,1.49992e+07,10.6981,5.95079,3201.98
470,0.47,956.322,1.60998e+07,6.38648,27.4127,4477.15,606.431,1.49992e+07,10.7004,5.94951,3202.1
471,0.471,956.24,1.60998e+07,6.38593,27.415,4477.13,606.56,1.49992e+07,10.7026,5.94825,3202.21
472,0.472,956.158,1.60998e+07,6.38538,27.4174,4477.1,606.688,1.49992e+07,10.7049,5.94699,3202.32
473,0.473,956.076,1.60998e+07,6.38483,27.4197,4477.08,606.815,1.49992e+07,10.7071,5.94575,3202.43
474,0.474,955.993,1.60998e+07,6.38428,27.4221,4477.06,606.941,1.49992e+07,10.7094,5.94451,3202.54
475,0.475,955.911,1.60998e+07,6.38374,27.4244,4477.03,607.066,1.49992e+07,10.7116,5.94329,3202.64
476,0.476,955.829,1.60998e+07,6.38319,27.4268,4477.01,607.19,1.49992e+07,10.7138,5.94207,3202.75
477,0.477,955.747,1.60998e+07,6.38264,27.4292,4476.99,607.313,1.49992e+07,10.7159,5.94087,3202.86
478,0.478,955.665,1.60998e+07,6.38209,27.4315,4476.96,607.435,1.49992e+07,10.7181,5.93967,3202.96
479,0.479,955.583,1.60998e+07,6.38155,27.4339,4476.94,607.557,1.49992e+07,10.7202,5.93849,3203.07
480,0.48,955.501,1.60998e+07,6.381,27.4362,4476.92,607.677,1.49992e+07,10.7224,5.93731,3203.17
481,0.481,955.419,1.60998e+07,6.38045,27.4386,4476.89,607.796,1.49992e+07,10.7245,5.93614,3203.28
482,0.482,955.337,1.60998e+07,6.3799,27.4409,4476.87,607.915,1.49991e+07,10.7266,5.93499,3203.38
483,0.483,955.255,1.60998e+07,6.37936,27.4433,4476.85,608.033,1.49991e+07,10.7286,5.93384,3203.48
484,0.484,955.174,1.60998e+07,6.37881,27.4456,4476.82,608.149,1.49991e+07,10.7307,5.9327,3203.58
485,0.485,955.092,1.60998e+07,6.37827,27.448,4476.8,608.265,1.49991e+07,10.7327,5.93157,3203.68
486,0.486,955.01,1.60998e+07,6.37772,27.4503,4476.78,608.38,1.49991e+07,10.7348,5.93045,3203.78
487,0.487,954.929,1.60998e+07,6.37718,27.4527,4476.75,608.494,1.49991e+07,10.7368,5.92934,3203.88
488,0.488,954.847,1.60998e+07,6.37663,27.455,4476.73,608.607,1.49991e+07,10.7388,5.92823,3203.98
489,0.489,954.765,1.60998e+07,6.37609,27.4573,4476.71,608.719,1.49991e+07,10.7408,5.92714,3204.07
490,0.49,954.684,1.60998e+07,6.37554,27.4597,4476.68,608.831,1.49991e+07,10.7427,5.92605,3204.17
491,0.491,954.602,1.60998e+07,6.375,27.462,4476.66,608.941,1.49991e+07,10.7447,5.92498,3204.26
492,0.492,954.521,1.60998e+07,6.37445,27.4644,4476.64,609.051,1.49991e+07,10.7466,5.92391,3204.36
493,0.493,954.44,1.60998e+07,6.37391,27.4667,4476.61,609.16,1.49991e+07,10.7485,5.92285,3204.45
494,0.494,954.358,1.60998e+07,6.37337,27.4691,4476.59,609.268,1.49991e+07,10.7504,5.9218,3204.54
495,0.495,954.277,1.60998e+07,6.37283,27.4714,4476.57,609.375,1.49991e+07,10.7523,5.92076,3204.64
496,0.496,954.196,1.60998e+07,6.37228,27.4737,4476.54,609.482,1.49991e+07,10.7542,5.91972,3204.73
497,0.497,954.114,1.60998e+07,6.37174,27.4761,4476.52,609.587,1.49991e+07,10.7561,5.9187,3204.82
498,0.498,954.033,1.60998e+07,6.3712,27.4784,4476.5,609.692,1.49991e+07,10.7579,5.91768,3204.91
499,0.499,953.952,1.60998e+07,6.37066,27.4808,4476.41,609.796,1.49991e+07,10.7598,5.91667,3205
500,0.5,953.449,1.60998e+07,6.3673,27.4952,0,609.899,1.49991e+07,10.7616,5.91567,0
